field_name,grain,resource,identity_contract
accurateCross,player_match,player_match,player_identity_to_player_match_observations
accurateKeeperSweeper,player_match,player_match,player_identity_to_player_match_observations
accurateLongBalls,player_match,player_match,player_identity_to_player_match_observations
accurateOppositionHalfPasses,player_match,player_match,player_identity_to_player_match_observations
accurateOwnHalfPasses,player_match,player_match,player_identity_to_player_match_observations
accuratePass,player_match,player_match,player_identity_to_player_match_observations
aerialLost,player_match,player_match,player_identity_to_player_match_observations
aerialWon,player_match,player_match,player_identity_to_player_match_observations
ballCarriesCount,player_match,player_match,player_identity_to_player_match_observations
ballRecovery,player_match,player_match,player_identity_to_player_match_observations
bigChanceCreated,player_match,player_match,player_identity_to_player_match_observations
bigChanceMissed,player_match,player_match,player_identity_to_player_match_observations
blockedScoringAttempt,player_match,player_match,player_identity_to_player_match_observations
challengeLost,player_match,player_match,player_identity_to_player_match_observations
clearanceOffLine,player_match,player_match,player_identity_to_player_match_observations
crossNotClaimed,player_match,player_match,player_identity_to_player_match_observations
dispossessed,player_match,player_match,player_identity_to_player_match_observations
duelLost,player_match,player_match,player_identity_to_player_match_observations
duelWon,player_match,player_match,player_identity_to_player_match_observations
errorLeadToAGoal,player_match,player_match,player_identity_to_player_match_observations
errorLeadToAShot,player_match,player_match,player_identity_to_player_match_observations
expectedAssists,player_match,player_match,player_identity_to_player_match_observations
expectedGoals,player_match,player_match,player_identity_to_player_match_observations
expectedGoalsOnTarget,player_match,player_match,player_identity_to_player_match_observations
fouls,player_match,player_match,player_identity_to_player_match_observations
gameweek,player_match,player_match,player_identity_to_player_match_observations
goalAssist,player_match,player_match,player_identity_to_player_match_observations
goals,player_match,player_match,player_identity_to_player_match_observations
goalsPrevented,player_match,player_match,player_identity_to_player_match_observations
goodHighClaim,player_match,player_match,player_identity_to_player_match_observations
hitWoodwork,player_match,player_match,player_identity_to_player_match_observations
interceptionWon,player_match,player_match,player_identity_to_player_match_observations
keyPass,player_match,player_match,player_identity_to_player_match_observations
lastManTackle,player_match,player_match,player_identity_to_player_match_observations
matchId,player_match,player_match,player_identity_to_player_match_observations
metersCoveredHighSpeedRunningKm,player_match,player_match,player_identity_to_player_match_observations
metersCoveredJoggingKm,player_match,player_match,player_identity_to_player_match_observations
metersCoveredRunningKm,player_match,player_match,player_identity_to_player_match_observations
metersCoveredSprintingKm,player_match,player_match,player_identity_to_player_match_observations
metersCoveredWalkingKm,player_match,player_match,player_identity_to_player_match_observations
minutesPlayed,player_match,player_match,player_identity_to_player_match_observations
onTargetScoringAttempt,player_match,player_match,player_identity_to_player_match_observations
outfielderBlock,player_match,player_match,player_identity_to_player_match_observations
ownGoals,player_match,player_match,player_identity_to_player_match_observations
penaltyConceded,player_match,player_match,player_identity_to_player_match_observations
penaltyFaced,player_match,player_match,player_identity_to_player_match_observations
penaltyMiss,player_match,player_match,player_identity_to_player_match_observations
penaltySave,player_match,player_match,player_identity_to_player_match_observations
penaltyWon,player_match,player_match,player_identity_to_player_match_observations
pl_code,player_match,player_match,player_identity_to_player_match_observations
playerId,player_match,player_match,player_identity_to_player_match_observations
playerName,player_match,player_match,player_identity_to_player_match_observations
position,player_match,player_match,player_identity_to_player_match_observations
possessionLostCtrl,player_match,player_match,player_identity_to_player_match_observations
progressiveBallCarriesCount,player_match,player_match,player_identity_to_player_match_observations
punches,player_match,player_match,player_identity_to_player_match_observations
rating,player_match,player_match,player_identity_to_player_match_observations
savedShotsFromInsideTheBox,player_match,player_match,player_identity_to_player_match_observations
saves,player_match,player_match,player_identity_to_player_match_observations
season,player_match,player_match,player_identity_to_player_match_observations
shotOffTarget,player_match,player_match,player_identity_to_player_match_observations
slug,player_match,player_match,player_identity_to_player_match_observations
substitute,player_match,player_match,player_identity_to_player_match_observations
substitute.1,player_match,player_match,player_identity_to_player_match_observations
team,player_match,player_match,player_identity_to_player_match_observations
team_id,player_match,player_match,player_identity_to_player_match_observations
totalBallCarriesDistance,player_match,player_match,player_identity_to_player_match_observations
totalClearance,player_match,player_match,player_identity_to_player_match_observations
totalContest,player_match,player_match,player_identity_to_player_match_observations
totalCross,player_match,player_match,player_identity_to_player_match_observations
totalKeeperSweeper,player_match,player_match,player_identity_to_player_match_observations
totalLongBalls,player_match,player_match,player_identity_to_player_match_observations
totalOffside,player_match,player_match,player_identity_to_player_match_observations
totalOppositionHalfPasses,player_match,player_match,player_identity_to_player_match_observations
totalOwnHalfPasses,player_match,player_match,player_identity_to_player_match_observations
totalPass,player_match,player_match,player_identity_to_player_match_observations
totalProgression,player_match,player_match,player_identity_to_player_match_observations
totalProgressiveBallCarriesDistance,player_match,player_match,player_identity_to_player_match_observations
totalShots,player_match,player_match,player_identity_to_player_match_observations
totalTackle,player_match,player_match,player_identity_to_player_match_observations
touches,player_match,player_match,player_identity_to_player_match_observations
unsuccessfulTouch,player_match,player_match,player_identity_to_player_match_observations
venue,player_match,player_match,player_identity_to_player_match_observations
wasFouled,player_match,player_match,player_identity_to_player_match_observations
wonContest,player_match,player_match,player_identity_to_player_match_observations
wonTackle,player_match,player_match,player_identity_to_player_match_observations
aerialDuels,player_season,player_season,source_player_identity_to_player_season
aerialDuelsLost,player_season,player_season,source_player_identity_to_player_season
aerialDuelsWon,player_season,player_season,source_player_identity_to_player_season
appearances,player_season,player_season,source_player_identity_to_player_season
attemptsFromSetPieces,player_season,player_season,source_player_identity_to_player_season
awayGoals,player_season,player_season,source_player_identity_to_player_season
backwardPasses,player_season,player_season,source_player_identity_to_player_season
blockedShots,player_season,player_season,source_player_identity_to_player_season
blocks,player_season,player_season,source_player_identity_to_player_season
catches,player_season,player_season,source_player_identity_to_player_season
cleanSheets,player_season,player_season,source_player_identity_to_player_season
clearancesOffTheLine,player_season,player_season,source_player_identity_to_player_season
cornersTakenInclShortCorners,player_season,player_season,source_player_identity_to_player_season
cornersWon,player_season,player_season,source_player_identity_to_player_season
crossesNotClaimed,player_season,player_season,source_player_identity_to_player_season
drops,player_season,player_season,source_player_identity_to_player_season
duels,player_season,player_season,source_player_identity_to_player_season
duelsLost,player_season,player_season,source_player_identity_to_player_season
duelsWon,player_season,player_season,source_player_identity_to_player_season
expectedAssists,player_season,player_season,source_player_identity_to_player_season
expectedGoals,player_season,player_season,source_player_identity_to_player_season
expectedGoalsFreekick,player_season,player_season,source_player_identity_to_player_season
expectedGoalsOnTarget,player_season,player_season,source_player_identity_to_player_season
expectedGoalsOnTargetConceded,player_season,player_season,source_player_identity_to_player_season
fiftyFifty,player_season,player_season,source_player_identity_to_player_season
forwardPasses,player_season,player_season,source_player_identity_to_player_season
foulAttemptedTackle,player_season,player_season,source_player_identity_to_player_season
foulWonPenalty,player_season,player_season,source_player_identity_to_player_season
freekickTotal,player_season,player_season,source_player_identity_to_player_season
gamesPlayed,player_season,player_season,source_player_identity_to_player_season
gkSuccessfulDistribution,player_season,player_season,source_player_identity_to_player_season
gkUnsuccessfulDistribution,player_season,player_season,source_player_identity_to_player_season
goalAssists,player_season,player_season,source_player_identity_to_player_season
goalKicks,player_season,player_season,source_player_identity_to_player_season
goalkeeperSmother,player_season,player_season,source_player_identity_to_player_season
goals,player_season,player_season,source_player_identity_to_player_season
goalsConceded,player_season,player_season,source_player_identity_to_player_season
goalsConcededInsideBox,player_season,player_season,source_player_identity_to_player_season
goalsConcededOutsideBox,player_season,player_season,source_player_identity_to_player_season
groundDuels,player_season,player_season,source_player_identity_to_player_season
groundDuelsLost,player_season,player_season,source_player_identity_to_player_season
groundDuelsWon,player_season,player_season,source_player_identity_to_player_season
handballsConceded,player_season,player_season,source_player_identity_to_player_season
headedGoals,player_season,player_season,source_player_identity_to_player_season
hitWoodwork,player_season,player_season,source_player_identity_to_player_season
homeGoals,player_season,player_season,source_player_identity_to_player_season
iboxBlocked,player_season,player_season,source_player_identity_to_player_season
iboxTarget,player_season,player_season,source_player_identity_to_player_season
interceptions,player_season,player_season,source_player_identity_to_player_season
keyPassesAttemptAssists,player_season,player_season,source_player_identity_to_player_season
lastPlayerTackle,player_season,player_season,source_player_identity_to_player_season
leftFootGoals,player_season,player_season,source_player_identity_to_player_season
leftsidePasses,player_season,player_season,source_player_identity_to_player_season
nationality,player_season,player_season,source_player_identity_to_player_season
oboxBlocked,player_season,player_season,source_player_identity_to_player_season
oboxTarget,player_season,player_season,source_player_identity_to_player_season
offsides,player_season,player_season,source_player_identity_to_player_season
openPlayPasses,player_season,player_season,source_player_identity_to_player_season
otherGoals,player_season,player_season,source_player_identity_to_player_season
overruns,player_season,player_season,source_player_identity_to_player_season
ownGoalScored,player_season,player_season,source_player_identity_to_player_season
penaltiesConceded,player_season,player_season,source_player_identity_to_player_season
penaltiesFaced,player_season,player_season,source_player_identity_to_player_season
penaltiesSaved,player_season,player_season,source_player_identity_to_player_season
penaltiesTaken,player_season,player_season,source_player_identity_to_player_season
penaltyGoals,player_season,player_season,source_player_identity_to_player_season
penaltyGoalsConceded,player_season,player_season,source_player_identity_to_player_season
playerId,player_season,player_season,source_player_identity_to_player_season
playerName,player_season,player_season,source_player_identity_to_player_season
position,player_season,player_season,source_player_identity_to_player_season
punches,player_season,player_season,source_player_identity_to_player_season
putthroughBlockedDistribution,player_season,player_season,source_player_identity_to_player_season
putthroughBlockedDistributionWon,player_season,player_season,source_player_identity_to_player_season
recoveries,player_season,player_season,source_player_identity_to_player_season
redCards2ndYellow,player_season,player_season,source_player_identity_to_player_season
rightFootGoals,player_season,player_season,source_player_identity_to_player_season
rightsidePasses,player_season,player_season,source_player_identity_to_player_season
savesFromPenalty,player_season,player_season,source_player_identity_to_player_season
savesMade,player_season,player_season,source_player_identity_to_player_season
savesMadeCaught,player_season,player_season,source_player_identity_to_player_season
savesMadeFromInsideBox,player_season,player_season,source_player_identity_to_player_season
savesMadeFromOutsideBox,player_season,player_season,source_player_identity_to_player_season
savesMadeParried,player_season,player_season,source_player_identity_to_player_season
season,player_season,player_season,source_player_identity_to_player_season
secondGoalAssists,player_season,player_season,source_player_identity_to_player_season
setPiecesGoals,player_season,player_season,source_player_identity_to_player_season
shotsBlockedInBox,player_season,player_season,source_player_identity_to_player_season
shotsBlockedOutsideBox,player_season,player_season,source_player_identity_to_player_season
shotsOffTargetIncWoodwork,player_season,player_season,source_player_identity_to_player_season
shotsOnTargetInBox,player_season,player_season,source_player_identity_to_player_season
shotsOnTargetIncGoals,player_season,player_season,source_player_identity_to_player_season
shotsOnTargetOutsideBox,player_season,player_season,source_player_identity_to_player_season
starts,player_season,player_season,source_player_identity_to_player_season
straightRedCards,player_season,player_season,source_player_identity_to_player_season
substituteOff,player_season,player_season,source_player_identity_to_player_season
substituteOn,player_season,player_season,source_player_identity_to_player_season
successfulCornersIntoBox,player_season,player_season,source_player_identity_to_player_season
successfulCrossesAndCorners,player_season,player_season,source_player_identity_to_player_season
successfulCrossesOpenPlay,player_season,player_season,source_player_identity_to_player_season
successfulDribbles,player_season,player_season,source_player_identity_to_player_season
successfulFiftyFifty,player_season,player_season,source_player_identity_to_player_season
successfulLaunches,player_season,player_season,source_player_identity_to_player_season
successfulLayoffs,player_season,player_season,source_player_identity_to_player_season
successfulLongPasses,player_season,player_season,source_player_identity_to_player_season
successfulPassesOppositionHalf,player_season,player_season,source_player_identity_to_player_season
successfulPassesOwnHalf,player_season,player_season,source_player_identity_to_player_season
successfulShortPasses,player_season,player_season,source_player_identity_to_player_season
tacklesLost,player_season,player_season,source_player_identity_to_player_season
tacklesWon,player_season,player_season,source_player_identity_to_player_season
team_id,player_season,player_season,source_player_identity_to_player_season
team_name,player_season,player_season,source_player_identity_to_player_season
throughBalls,player_season,player_season,source_player_identity_to_player_season
throwInsToOppositionPlayer,player_season,player_season,source_player_identity_to_player_season
throwInsToOwnPlayer,player_season,player_season,source_player_identity_to_player_season
timePlayed,player_season,player_season,source_player_identity_to_player_season
timesTackled,player_season,player_season,source_player_identity_to_player_season
totalClearances,player_season,player_season,source_player_identity_to_player_season
totalFoulsConceded,player_season,player_season,source_player_identity_to_player_season
totalFoulsWon,player_season,player_season,source_player_identity_to_player_season
totalLossesOfPossession,player_season,player_season,source_player_identity_to_player_season
totalPasses,player_season,player_season,source_player_identity_to_player_season
totalRedCards,player_season,player_season,source_player_identity_to_player_season
totalShots,player_season,player_season,source_player_identity_to_player_season
totalTackles,player_season,player_season,source_player_identity_to_player_season
totalTouchesInOppositionBox,player_season,player_season,source_player_identity_to_player_season
totalUnsuccessfulPassesExclCrossesAndCorners,player_season,player_season,source_player_identity_to_player_season
touches,player_season,player_season,source_player_identity_to_player_season
unsuccessfulCornersIntoBox,player_season,player_season,source_player_identity_to_player_season
unsuccessfulCrossesAndCorners,player_season,player_season,source_player_identity_to_player_season
unsuccessfulCrossesOpenPlay,player_season,player_season,source_player_identity_to_player_season
unsuccessfulDribbles,player_season,player_season,source_player_identity_to_player_season
unsuccessfulLaunches,player_season,player_season,source_player_identity_to_player_season
unsuccessfulLayoffs,player_season,player_season,source_player_identity_to_player_season
unsuccessfulLongPasses,player_season,player_season,source_player_identity_to_player_season
unsuccessfulPassesOwnHalf,player_season,player_season,source_player_identity_to_player_season
unsuccessfulShortPasses,player_season,player_season,source_player_identity_to_player_season
winningGoal,player_season,player_season,source_player_identity_to_player_season
yellowCards,player_season,player_season,source_player_identity_to_player_season
age,squad,squad,
birthCountry,squad,squad,
birthDate,squad,squad,
displayName,squad,squad,
firstName,squad,squad,
height_cm,squad,squad,
isoCode,squad,squad,
joinDate,squad,squad,
lastName,squad,squad,
nationality,squad,squad,
onLoan,squad,squad,
playerId,squad,squad,
position,squad,squad,
preferredFoot,squad,squad,
shirtNumber,squad,squad,
weight_kg,squad,squad,
accurateBackZonePass,team_match,team_match,canonical_team_season_to_source_team
accurateChippedPass,team_match,team_match,canonical_team_season_to_source_team
accurateCornersIntobox,team_match,team_match,canonical_team_season_to_source_team
accurateCross,team_match,team_match,canonical_team_season_to_source_team
accurateCrossNocorner,team_match,team_match,canonical_team_season_to_source_team
accurateFlickOn,team_match,team_match,canonical_team_season_to_source_team
accurateFreekickCross,team_match,team_match,canonical_team_season_to_source_team
accurateFwdZonePass,team_match,team_match,canonical_team_season_to_source_team
accurateGoalKicks,team_match,team_match,canonical_team_season_to_source_team
accurateKeeperSweeper,team_match,team_match,canonical_team_season_to_source_team
accurateKeeperThrows,team_match,team_match,canonical_team_season_to_source_team
accurateLaunches,team_match,team_match,canonical_team_season_to_source_team
accurateLayoffs,team_match,team_match,canonical_team_season_to_source_team
accurateLongBalls,team_match,team_match,canonical_team_season_to_source_team
accuratePass,team_match,team_match,canonical_team_season_to_source_team
accuratePullBack,team_match,team_match,canonical_team_season_to_source_team
accurateThroughBall,team_match,team_match,canonical_team_season_to_source_team
accurateThrows,team_match,team_match,canonical_team_season_to_source_team
aerialLost,team_match,team_match,canonical_team_season_to_source_team
aerialWon,team_match,team_match,canonical_team_season_to_source_team
attAssistOpenplay,team_match,team_match,canonical_team_season_to_source_team
attAssistSetplay,team_match,team_match,canonical_team_season_to_source_team
attCorner,team_match,team_match,canonical_team_season_to_source_team
attFastbreak,team_match,team_match,canonical_team_season_to_source_team
attFreekickGoal,team_match,team_match,canonical_team_season_to_source_team
attFreekickMiss,team_match,team_match,canonical_team_season_to_source_team
attFreekickPost,team_match,team_match,canonical_team_season_to_source_team
attFreekickTarget,team_match,team_match,canonical_team_season_to_source_team
attFreekickTotal,team_match,team_match,canonical_team_season_to_source_team
attIboxOwnGoal,team_match,team_match,canonical_team_season_to_source_team
attLgCentre,team_match,team_match,canonical_team_season_to_source_team
attLgLeft,team_match,team_match,canonical_team_season_to_source_team
attLgRight,team_match,team_match,canonical_team_season_to_source_team
attOboxOwnGoal,team_match,team_match,canonical_team_season_to_source_team
attObxdLeft,team_match,team_match,canonical_team_season_to_source_team
attObxdRight,team_match,team_match,canonical_team_season_to_source_team
attOneOnOne,team_match,team_match,canonical_team_season_to_source_team
attOpenplay,team_match,team_match,canonical_team_season_to_source_team
attPenGoal,team_match,team_match,canonical_team_season_to_source_team
attPenMiss,team_match,team_match,canonical_team_season_to_source_team
attPenPost,team_match,team_match,canonical_team_season_to_source_team
attPenTarget,team_match,team_match,canonical_team_season_to_source_team
attPostHigh,team_match,team_match,canonical_team_season_to_source_team
attPostLeft,team_match,team_match,canonical_team_season_to_source_team
attPostRight,team_match,team_match,canonical_team_season_to_source_team
attSetpiece,team_match,team_match,canonical_team_season_to_source_team
attemptedTackleFoul,team_match,team_match,canonical_team_season_to_source_team
attemptsConcededIbox,team_match,team_match,canonical_team_season_to_source_team
attemptsConcededObox,team_match,team_match,canonical_team_season_to_source_team
attemptsIbox,team_match,team_match,canonical_team_season_to_source_team
attemptsObox,team_match,team_match,canonical_team_season_to_source_team
attendance,team_match,team_match,canonical_team_season_to_source_team
backwardPass,team_match,team_match,canonical_team_season_to_source_team
ballRecovery,team_match,team_match,canonical_team_season_to_source_team
bigChanceCreated,team_match,team_match,canonical_team_season_to_source_team
bigChanceMissed,team_match,team_match,canonical_team_season_to_source_team
bigChanceScored,team_match,team_match,canonical_team_season_to_source_team
blockedCross,team_match,team_match,canonical_team_season_to_source_team
blockedPass,team_match,team_match,canonical_team_season_to_source_team
blockedScoringAtt,team_match,team_match,canonical_team_season_to_source_team
challengeLost,team_match,team_match,canonical_team_season_to_source_team
clearanceOffLine,team_match,team_match,canonical_team_season_to_source_team
contentiousDecision,team_match,team_match,canonical_team_season_to_source_team
cornerTaken,team_match,team_match,canonical_team_season_to_source_team
crosses18yard,team_match,team_match,canonical_team_season_to_source_team
crosses18yardplus,team_match,team_match,canonical_team_season_to_source_team
defenderGoals,team_match,team_match,canonical_team_season_to_source_team
dispossessed,team_match,team_match,canonical_team_season_to_source_team
divingSave,team_match,team_match,canonical_team_season_to_source_team
duelLost,team_match,team_match,canonical_team_season_to_source_team
duelWon,team_match,team_match,canonical_team_season_to_source_team
effectiveBlockedCross,team_match,team_match,canonical_team_season_to_source_team
effectiveClearance,team_match,team_match,canonical_team_season_to_source_team
effectiveHeadClearance,team_match,team_match,canonical_team_season_to_source_team
errorLeadToGoal,team_match,team_match,canonical_team_season_to_source_team
errorLeadToShot,team_match,team_match,canonical_team_season_to_source_team
expectedAssists,team_match,team_match,canonical_team_season_to_source_team
expectedGoals,team_match,team_match,canonical_team_season_to_source_team
expectedGoalsFreekick,team_match,team_match,canonical_team_season_to_source_team
expectedGoalsOnTarget,team_match,team_match,canonical_team_season_to_source_team
expectedGoalsOnTargetConceded,team_match,team_match,canonical_team_season_to_source_team
fiftyFifty,team_match,team_match,canonical_team_season_to_source_team
finalThirdEntries,team_match,team_match,canonical_team_season_to_source_team
fkFoulLost,team_match,team_match,canonical_team_season_to_source_team
fkFoulWon,team_match,team_match,canonical_team_season_to_source_team
forwardGoals,team_match,team_match,canonical_team_season_to_source_team
foulThrowIn,team_match,team_match,canonical_team_season_to_source_team
fouledFinalThird,team_match,team_match,canonical_team_season_to_source_team
freekickCross,team_match,team_match,canonical_team_season_to_source_team
freekickTotal,team_match,team_match,canonical_team_season_to_source_team
fwdPass,team_match,team_match,canonical_team_season_to_source_team
gameweek,team_match,team_match,canonical_team_season_to_source_team
goalAssist,team_match,team_match,canonical_team_season_to_source_team
goalAssistDeadball,team_match,team_match,canonical_team_season_to_source_team
goalAssistIntentional,team_match,team_match,canonical_team_season_to_source_team
goalAssistOpenplay,team_match,team_match,canonical_team_season_to_source_team
goalAssistSetplay,team_match,team_match,canonical_team_season_to_source_team
goalFastbreak,team_match,team_match,canonical_team_season_to_source_team
goalKicks,team_match,team_match,canonical_team_season_to_source_team
goalsAgainst,team_match,team_match,canonical_team_season_to_source_team
goalsFor,team_match,team_match,canonical_team_season_to_source_team
goalsOpenplay,team_match,team_match,canonical_team_season_to_source_team
goodHighClaim,team_match,team_match,canonical_team_season_to_source_team
ground,team_match,team_match,canonical_team_season_to_source_team
halfTimeAgainst,team_match,team_match,canonical_team_season_to_source_team
halfTimeFor,team_match,team_match,canonical_team_season_to_source_team
handBall,team_match,team_match,canonical_team_season_to_source_team
headClearance,team_match,team_match,canonical_team_season_to_source_team
hitWoodwork,team_match,team_match,canonical_team_season_to_source_team
interception,team_match,team_match,canonical_team_season_to_source_team
interceptionWon,team_match,team_match,canonical_team_season_to_source_team
interceptionsInBox,team_match,team_match,canonical_team_season_to_source_team
keeperGoals,team_match,team_match,canonical_team_season_to_source_team
keeperThrows,team_match,team_match,canonical_team_season_to_source_team
kickoff,team_match,team_match,canonical_team_season_to_source_team
leftsidePass,team_match,team_match,canonical_team_season_to_source_team
longPassOwnToOpp,team_match,team_match,canonical_team_season_to_source_team
longPassOwnToOppSuccess,team_match,team_match,canonical_team_season_to_source_team
lostCorners,team_match,team_match,canonical_team_season_to_source_team
matchId,team_match,team_match,canonical_team_season_to_source_team
midfielderGoals,team_match,team_match,canonical_team_season_to_source_team
offtargetAttAssist,team_match,team_match,canonical_team_season_to_source_team
ontargetAttAssist,team_match,team_match,canonical_team_season_to_source_team
ontargetScoringAtt,team_match,team_match,canonical_team_season_to_source_team
openPlayPass,team_match,team_match,canonical_team_season_to_source_team
opponent,team_match,team_match,canonical_team_season_to_source_team
opponent_id,team_match,team_match,canonical_team_season_to_source_team
outfielderBlock,team_match,team_match,canonical_team_season_to_source_team
overrun,team_match,team_match,canonical_team_season_to_source_team
ownGoals,team_match,team_match,canonical_team_season_to_source_team
passesLeft,team_match,team_match,canonical_team_season_to_source_team
passesRight,team_match,team_match,canonical_team_season_to_source_team
penAreaEntries,team_match,team_match,canonical_team_season_to_source_team
penGoalsConceded,team_match,team_match,canonical_team_season_to_source_team
penaltyConceded,team_match,team_match,canonical_team_season_to_source_team
penaltyFaced,team_match,team_match,canonical_team_season_to_source_team
penaltySave,team_match,team_match,canonical_team_season_to_source_team
penaltyWon,team_match,team_match,canonical_team_season_to_source_team
possLostAll,team_match,team_match,canonical_team_season_to_source_team
possLostCtrl,team_match,team_match,canonical_team_season_to_source_team
possWonAtt3rd,team_match,team_match,canonical_team_season_to_source_team
possWonDef3rd,team_match,team_match,canonical_team_season_to_source_team
possWonMid3rd,team_match,team_match,canonical_team_season_to_source_team
possessionPercentage,team_match,team_match,canonical_team_season_to_source_team
postScoringAtt,team_match,team_match,canonical_team_season_to_source_team
ptsDroppedWinningPos,team_match,team_match,canonical_team_season_to_source_team
ptsGainedLosingPos,team_match,team_match,canonical_team_season_to_source_team
punches,team_match,team_match,canonical_team_season_to_source_team
putThrough,team_match,team_match,canonical_team_season_to_source_team
redCard,team_match,team_match,canonical_team_season_to_source_team
redCardsAgainst,team_match,team_match,canonical_team_season_to_source_team
redCardsFor,team_match,team_match,canonical_team_season_to_source_team
rescindedRedCard,team_match,team_match,canonical_team_season_to_source_team
result,team_match,team_match,canonical_team_season_to_source_team
rightsidePass,team_match,team_match,canonical_team_season_to_source_team
savedIbox,team_match,team_match,canonical_team_season_to_source_team
savedObox,team_match,team_match,canonical_team_season_to_source_team
saves,team_match,team_match,canonical_team_season_to_source_team
secondYellow,team_match,team_match,canonical_team_season_to_source_team
shieldBallOop,team_match,team_match,canonical_team_season_to_source_team
shotFastbreak,team_match,team_match,canonical_team_season_to_source_team
shotOffTarget,team_match,team_match,canonical_team_season_to_source_team
sixYardBlock,team_match,team_match,canonical_team_season_to_source_team
subsGoals,team_match,team_match,canonical_team_season_to_source_team
subsMade,team_match,team_match,canonical_team_season_to_source_team
successfulFiftyFifty,team_match,team_match,canonical_team_season_to_source_team
successfulFinalThirdPasses,team_match,team_match,canonical_team_season_to_source_team
successfulOpenPlayPass,team_match,team_match,canonical_team_season_to_source_team
successfulPutThrough,team_match,team_match,canonical_team_season_to_source_team
team,team_match,team_match,canonical_team_season_to_source_team
team_id,team_match,team_match,canonical_team_season_to_source_team
totalAttAssist,team_match,team_match,canonical_team_season_to_source_team
totalBackZonePass,team_match,team_match,canonical_team_season_to_source_team
totalChippedPass,team_match,team_match,canonical_team_season_to_source_team
totalClearance,team_match,team_match,canonical_team_season_to_source_team
totalContest,team_match,team_match,canonical_team_season_to_source_team
totalCornersIntobox,team_match,team_match,canonical_team_season_to_source_team
totalCross,team_match,team_match,canonical_team_season_to_source_team
totalCrossNocorner,team_match,team_match,canonical_team_season_to_source_team
totalDistance,team_match,team_match,canonical_team_season_to_source_team
totalFastbreak,team_match,team_match,canonical_team_season_to_source_team
totalFinalThirdPasses,team_match,team_match,canonical_team_season_to_source_team
totalFlickOn,team_match,team_match,canonical_team_season_to_source_team
totalFwdZonePass,team_match,team_match,canonical_team_season_to_source_team
totalHighClaim,team_match,team_match,canonical_team_season_to_source_team
totalKeeperSweeper,team_match,team_match,canonical_team_season_to_source_team
totalLaunches,team_match,team_match,canonical_team_season_to_source_team
totalLayoffs,team_match,team_match,canonical_team_season_to_source_team
totalLongBalls,team_match,team_match,canonical_team_season_to_source_team
totalOffside,team_match,team_match,canonical_team_season_to_source_team
totalPass,team_match,team_match,canonical_team_season_to_source_team
totalPullBack,team_match,team_match,canonical_team_season_to_source_team
totalRedCard,team_match,team_match,canonical_team_season_to_source_team
totalScoringAtt,team_match,team_match,canonical_team_season_to_source_team
totalTackle,team_match,team_match,canonical_team_season_to_source_team
totalThroughBall,team_match,team_match,canonical_team_season_to_source_team
totalThrows,team_match,team_match,canonical_team_season_to_source_team
totalYelCard,team_match,team_match,canonical_team_season_to_source_team
touches,team_match,team_match,canonical_team_season_to_source_team
touchesInOppBox,team_match,team_match,canonical_team_season_to_source_team
unsuccessfulTouch,team_match,team_match,canonical_team_season_to_source_team
venue,team_match,team_match,canonical_team_season_to_source_team
winningGoal,team_match,team_match,canonical_team_season_to_source_team
wonContest,team_match,team_match,canonical_team_season_to_source_team
wonCorners,team_match,team_match,canonical_team_season_to_source_team
wonTackle,team_match,team_match,canonical_team_season_to_source_team
yellowCard,team_match,team_match,canonical_team_season_to_source_team
