source_player_id,canonical_player_identity,closure_status,evidence_basis
1000142,aaron ramsey,VERIFIED,verified player_identity_registry.csv + existing Player Research identity semantics
1000263,albert grønbæk,VERIFIED,verified player_identity_registry.csv + existing Player Research identity semantics
1003339,jarell quansah,VERIFIED,verified player_identity_registry.csv + existing Player Research identity semantics
1004342,tyler onyango,VERIFIED,verified player_identity_registry.csv + existing Player Research identity semantics
1005686,tayo adaramola,VERIFIED,verified player_identity_registry.csv + existing Player Research identity semantics
100574,conor hourihane,VERIFIED,verified player_identity_registry.csv + existing Player Research identity semantics
1005766,thomas cannon,VERIFIED,verified player_identity_registry.csv + existing Player Research identity semantics
1006144,terry ablade,VERIFIED,verified player_identity_registry.csv + existing Player Research identity semantics
1006387,kevin schade,VERIFIED,verified player_identity_registry.csv + existing Player Research identity semantics
1006409,mads bech sørensen,VERIFIED,verified player_identity_registry.csv + existing Player Research identity semantics
1008402,conor bradley,VERIFIED,verified player_identity_registry.csv + existing Player Research identity semantics
1008403,harvey davies,VERIFIED,verified player_identity_registry.csv + existing Player Research identity semantics
1008656,christian saydee,VERIFIED,verified player_identity_registry.csv + existing Player Research identity semantics
1009334,lorenz assignon,VERIFIED,verified player_identity_registry.csv + existing Player Research identity semantics
1009362,oliwier zych,VERIFIED,verified player_identity_registry.csv + existing Player Research identity semantics
1009762,teddy sharman-lowe,VERIFIED,verified player_identity_registry.csv + existing Player Research identity semantics
1012415,ronnie edwards,VERIFIED,verified player_identity_registry.csv + existing Player Research identity semantics
1013987,jay stansfield,VERIFIED,verified player_identity_registry.csv + existing Player Research identity semantics
1014459,sebastian revan,VERIFIED,verified player_identity_registry.csv + existing Player Research identity semantics
1014461,jaden philogene-bidace,VERIFIED,verified player_identity_registry.csv + existing Player Research identity semantics
1014556,,REVIEW,verified player_identity_registry.csv + existing Player Research identity semantics
1016788,cesare casadei,VERIFIED,verified player_identity_registry.csv + existing Player Research identity semantics
1017392,carlos alcaraz,VERIFIED,verified player_identity_registry.csv + existing Player Research identity semantics
1018087,tristan crama,VERIFIED,verified player_identity_registry.csv + existing Player Research identity semantics
1019442,kamaldeen sulemana,VERIFIED,verified player_identity_registry.csv + existing Player Research identity semantics
101999,jed steer,VERIFIED,verified player_identity_registry.csv + existing Player Research identity semantics
1020141,nathan patterson,VERIFIED,verified player_identity_registry.csv + existing Player Research identity semantics
1020680,jaidon anthony,VERIFIED,verified player_identity_registry.csv + existing Player Research identity semantics
103045,jordan ayew,VERIFIED,verified player_identity_registry.csv + existing Player Research identity semantics
1031258,yehor yarmoliuk,VERIFIED,verified player_identity_registry.csv + existing Player Research identity semantics
103335,bernd leno,VERIFIED,verified player_identity_registry.csv + existing Player Research identity semantics
1033352,bobby thomas,VERIFIED,verified player_identity_registry.csv + existing Player Research identity semantics
10343,andy lonergan,VERIFIED,verified player_identity_registry.csv + existing Player Research identity semantics
1046390,john-kymani gordon,VERIFIED,verified player_identity_registry.csv + existing Player Research identity semantics
1047484,sékou mara,VERIFIED,verified player_identity_registry.csv + existing Player Research identity semantics
10486,shane long,VERIFIED,verified player_identity_registry.csv + existing Player Research identity semantics
1048916,lesley ugochukwu,VERIFIED,verified player_identity_registry.csv + existing Player Research identity semantics
10501,theo walcott,VERIFIED,verified player_identity_registry.csv + existing Player Research identity semantics
10577,alex oxlade-chamberlain,VERIFIED,verified player_identity_registry.csv + existing Player Research identity semantics
10589,ashley young,VERIFIED,verified player_identity_registry.csv + existing Player Research identity semantics
1064630,fin stevens,VERIFIED,verified player_identity_registry.csv + existing Player Research identity semantics
1065040,killian phillips,VERIFIED,verified player_identity_registry.csv + existing Player Research identity semantics
1065214,samuel edozie,VERIFIED,verified player_identity_registry.csv + existing Player Research identity semantics
1065525,matthew cox,VERIFIED,verified player_identity_registry.csv + existing Player Research identity semantics
1066059,isaac price,VERIFIED,verified player_identity_registry.csv + existing Player Research identity semantics
106920,ryan fredericks,VERIFIED,verified player_identity_registry.csv + existing Player Research identity semantics
1069488,roméo lavia,VERIFIED,verified player_identity_registry.csv + existing Player Research identity semantics
107414,james rodríguez,VERIFIED,verified player_identity_registry.csv + existing Player Research identity semantics
1082694,luke plange,VERIFIED,verified player_identity_registry.csv + existing Player Research identity semantics
1084311,justin devenny,VERIFIED,verified player_identity_registry.csv + existing Player Research identity semantics
1085381,nicolas jackson,VERIFIED,verified player_identity_registry.csv + existing Player Research identity semantics
1085950,tim iroegbunam,VERIFIED,verified player_identity_registry.csv + existing Player Research identity semantics
1087748,kristian sekularac,VERIFIED,verified player_identity_registry.csv + existing Player Research identity semantics
1087790,owen goodman,VERIFIED,verified player_identity_registry.csv + existing Player Research identity semantics
1089388,lamare bogarde,VERIFIED,verified player_identity_registry.csv + existing Player Research identity semantics
1089546,mauro bandeira,VERIFIED,verified player_identity_registry.csv + existing Player Research identity semantics
1089682,ryan finnigan,VERIFIED,verified player_identity_registry.csv + existing Player Research identity semantics
1090458,david datro fofana,VERIFIED,verified player_identity_registry.csv + existing Player Research identity semantics
1090521,sil swinkels,VERIFIED,verified player_identity_registry.csv + existing Player Research identity semantics
1090963,omari hutchinson,VERIFIED,verified player_identity_registry.csv + existing Player Research identity semantics
1092974,zak sturge,VERIFIED,verified player_identity_registry.csv + existing Player Research identity semantics
1096136,daniel jebbison,VERIFIED,verified player_identity_registry.csv + existing Player Research identity semantics
1096447,kaide gordon,VERIFIED,verified player_identity_registry.csv + existing Player Research identity semantics
1097425,milos kerkez,VERIFIED,verified player_identity_registry.csv + existing Player Research identity semantics
1099074,,REVIEW,verified player_identity_registry.csv + existing Player Research identity semantics
1101362,jesurun rak-sakyi,VERIFIED,verified player_identity_registry.csv + existing Player Research identity semantics
1101370,reece welch,VERIFIED,verified player_identity_registry.csv + existing Player Research identity semantics
1104418,lino sousa,VERIFIED,verified player_identity_registry.csv + existing Player Research identity semantics
1104981,kamari doyle,VERIFIED,verified player_identity_registry.csv + existing Player Research identity semantics
1104983,lewis payne,VERIFIED,verified player_identity_registry.csv + existing Player Research identity semantics
1104986,alex scott,VERIFIED,verified player_identity_registry.csv + existing Player Research identity semantics
1106451,dango ouattara,VERIFIED,verified player_identity_registry.csv + existing Player Research identity semantics
110846,michael keane,VERIFIED,verified player_identity_registry.csv + existing Player Research identity semantics
1109771,adam wharton,VERIFIED,verified player_identity_registry.csv + existing Player Research identity semantics
1110078,jack henry-francis,VERIFIED,verified player_identity_registry.csv + existing Player Research identity semantics
1110110,fabian mrozek,VERIFIED,verified player_identity_registry.csv + existing Player Research identity semantics
1110301,jack wells-morrison,VERIFIED,verified player_identity_registry.csv + existing Player Research identity semantics
1113799,lewis warrington,VERIFIED,verified player_identity_registry.csv + existing Player Research identity semantics
1114837,alfie gilchrist,VERIFIED,verified player_identity_registry.csv + existing Player Research identity semantics
1117223,maxime esteve,VERIFIED,verified player_identity_registry.csv + existing Player Research identity semantics
1117946,tommi o'reilly,VERIFIED,verified player_identity_registry.csv + existing Player Research identity semantics
1118002,jenson metcalfe,VERIFIED,verified player_identity_registry.csv + existing Player Research identity semantics
111850,wilfried zaha,VERIFIED,verified player_identity_registry.csv + existing Player Research identity semantics
1119656,sean mcallister,VERIFIED,verified player_identity_registry.csv + existing Player Research identity semantics
1119657,stanley mills,VERIFIED,verified player_identity_registry.csv + existing Player Research identity semantics
1127815,valintino adedokun,VERIFIED,verified player_identity_registry.csv + existing Player Research identity semantics
1130222,owen bevan,VERIFIED,verified player_identity_registry.csv + existing Player Research identity semantics
1130223,ben greenwood,VERIFIED,verified player_identity_registry.csv + existing Player Research identity semantics
1134530,luke chambers,VERIFIED,verified player_identity_registry.csv + existing Player Research identity semantics
1134718,joe whitworth,VERIFIED,verified player_identity_registry.csv + existing Player Research identity semantics
1134729,luke harris,VERIFIED,verified player_identity_registry.csv + existing Player Research identity semantics
1135879,travis patterson,VERIFIED,verified player_identity_registry.csv + existing Player Research identity semantics
1136730,lewis hall,VERIFIED,verified player_identity_registry.csv + existing Player Research identity semantics
1137431,michael kayode,VERIFIED,verified player_identity_registry.csv + existing Player Research identity semantics
1138140,james sweet,VERIFIED,verified player_identity_registry.csv + existing Player Research identity semantics
1138145,jadan raymond,VERIFIED,verified player_identity_registry.csv + existing Player Research identity semantics
1138421,mason burstow,VERIFIED,verified player_identity_registry.csv + existing Player Research identity semantics
1138428,james mcconnell,VERIFIED,verified player_identity_registry.csv + existing Player Research identity semantics
1138445,james wright,VERIFIED,verified player_identity_registry.csv + existing Player Research identity semantics
1138842,amario cozier-duberry,VERIFIED,verified player_identity_registry.csv + existing Player Research identity semantics
1138843,reuell walters,VERIFIED,verified player_identity_registry.csv + existing Player Research identity semantics
1142130,ted curd,VERIFIED,verified player_identity_registry.csv + existing Player Research identity semantics
1142137,ronnie stutter,VERIFIED,verified player_identity_registry.csv + existing Player Research identity semantics
1142185,leo castledine,VERIFIED,verified player_identity_registry.csv + existing Player Research identity semantics
1142636,stefan bajcetic,VERIFIED,verified player_identity_registry.csv + existing Player Research identity semantics
1142638,bobby clark,VERIFIED,verified player_identity_registry.csv + existing Player Research identity semantics
1142679,wilson odobert,VERIFIED,verified player_identity_registry.csv + existing Player Research identity semantics
1143930,charlie robinson,VERIFIED,verified player_identity_registry.csv + existing Player Research identity semantics
1143931,devan tanton,VERIFIED,verified player_identity_registry.csv + existing Player Research identity semantics
1144949,elijah campbell,VERIFIED,verified player_identity_registry.csv + existing Player Research identity semantics
1149922,cameron plain,VERIFIED,verified player_identity_registry.csv + existing Player Research identity semantics
1149927,euan pollock,VERIFIED,verified player_identity_registry.csv + existing Player Research identity semantics
1150958,tommy setford,VERIFIED,verified player_identity_registry.csv + existing Player Research identity semantics
1152923,kosta nedeljković,VERIFIED,verified player_identity_registry.csv + existing Player Research identity semantics
115346,nathan redmond,VERIFIED,verified player_identity_registry.csv + existing Player Research identity semantics
1156586,james hill,VERIFIED,verified player_identity_registry.csv + existing Player Research identity semantics
1162083,omari kellyman,VERIFIED,verified player_identity_registry.csv + existing Player Research identity semantics
1167065,kadan young,VERIFIED,verified player_identity_registry.csv + existing Player Research identity semantics
1167601,vincent angelini,VERIFIED,verified player_identity_registry.csv + existing Player Research identity semantics
117083,stuart armstrong,VERIFIED,verified player_identity_registry.csv + existing Player Research identity semantics
1174472,tyler dibling,VERIFIED,verified player_identity_registry.csv + existing Player Research identity semantics
1175204,bradley ibrahim,VERIFIED,verified player_identity_registry.csv + existing Player Research identity semantics
1176104,malcolm ebiowei,VERIFIED,verified player_identity_registry.csv + existing Player Research identity semantics
1176744,dean huijsen,VERIFIED,verified player_identity_registry.csv + existing Player Research identity semantics
1177007,ryan trevitt,VERIFIED,verified player_identity_registry.csv + existing Player Research identity semantics
1177183,martin sherif,VERIFIED,verified player_identity_registry.csv + existing Player Research identity semantics
117777,granit xhaka,VERIFIED,verified player_identity_registry.csv + existing Player Research identity semantics
118179,tim ream,VERIFIED,verified player_identity_registry.csv + existing Player Research identity semantics
1185061,kim ji-soo,VERIFIED,verified player_identity_registry.csv + existing Player Research identity semantics
1185603,kaden rodney,VERIFIED,verified player_identity_registry.csv + existing Player Research identity semantics
1186050,alex matos,VERIFIED,verified player_identity_registry.csv + existing Player Research identity semantics
1186057,jimmy morgan,VERIFIED,verified player_identity_registry.csv + existing Player Research identity semantics
1186812,finley munroe,VERIFIED,verified player_identity_registry.csv + existing Player Research identity semantics
1190712,matai akinmboni,VERIFIED,verified player_identity_registry.csv + existing Player Research identity semantics
1190938,martial godo,VERIFIED,verified player_identity_registry.csv + existing Player Research identity semantics
119151,mohamed elyounoussi,VERIFIED,verified player_identity_registry.csv + existing Player Research identity semantics
1196791,ishé samuels-smith,VERIFIED,verified player_identity_registry.csv + existing Player Research identity semantics
1201520,julio soler,VERIFIED,verified player_identity_registry.csv + existing Player Research identity semantics
1212153,ademola ola-adebomi,VERIFIED,verified player_identity_registry.csv + existing Player Research identity semantics
1212155,david ozoh,VERIFIED,verified player_identity_registry.csv + existing Player Research identity semantics
1214988,callan mckenna,VERIFIED,verified player_identity_registry.csv + existing Player Research identity semantics
1216282,luca koleosho,VERIFIED,verified player_identity_registry.csv + existing Player Research identity semantics
126071,kalidou koulibaly,VERIFIED,verified player_identity_registry.csv + existing Player Research identity semantics
130181,danny ings,VERIFIED,verified player_identity_registry.csv + existing Player Research identity semantics
13060,darren randolph,VERIFIED,verified player_identity_registry.csv + existing Player Research identity semantics
134361,jack stephens,VERIFIED,verified player_identity_registry.csv + existing Player Research identity semantics
135256,christian nørgaard,VERIFIED,verified player_identity_registry.csv + existing Player Research identity semantics
135666,leandro trossard,VERIFIED,verified player_identity_registry.csv + existing Player Research identity semantics
135775,layvin kurzawa,VERIFIED,verified player_identity_registry.csv + existing Player Research identity semantics
136710,mateo kovacic,VERIFIED,verified player_identity_registry.csv + existing Player Research identity semantics
137774,ben mee,VERIFIED,verified player_identity_registry.csv + existing Player Research identity semantics
137786,neeskens kebano,VERIFIED,verified player_identity_registry.csv + existing Player Research identity semantics
138261,ryan fraser,VERIFIED,verified player_identity_registry.csv + existing Player Research identity semantics
138530,jordan pickford,VERIFIED,verified player_identity_registry.csv + existing Player Research identity semantics
138534,raheem sterling,VERIFIED,verified player_identity_registry.csv + existing Player Research identity semantics
138546,ludwig augustinsson,VERIFIED,verified player_identity_registry.csv + existing Player Research identity semantics
1391111,jimi tauriainen,VERIFIED,verified player_identity_registry.csv + existing Player Research identity semantics
13918,,REVIEW,verified player_identity_registry.csv + existing Player Research identity semantics
139227,kurt zouma,VERIFIED,verified player_identity_registry.csv + existing Player Research identity semantics
1393939,roshaun mathurin,VERIFIED,verified player_identity_registry.csv + existing Player Research identity semantics
1394097,stefan parkes,VERIFIED,verified player_identity_registry.csv + existing Player Research identity semantics
1398550,dominic sadi,VERIFIED,verified player_identity_registry.csv + existing Player Research identity semantics
1398557,dominic ballard,VERIFIED,verified player_identity_registry.csv + existing Player Research identity semantics
1399646,coby ebere,VERIFIED,verified player_identity_registry.csv + existing Player Research identity semantics
1401702,ethan nwaneri,VERIFIED,verified player_identity_registry.csv + existing Player Research identity semantics
1402709,genesis antwi,VERIFIED,verified player_identity_registry.csv + existing Player Research identity semantics
1402736,kiano dyer,VERIFIED,verified player_identity_registry.csv + existing Player Research identity semantics
1402787,shumaira mheuka,VERIFIED,verified player_identity_registry.csv + existing Player Research identity semantics
1403050,josh acheampong,VERIFIED,verified player_identity_registry.csv + existing Player Research identity semantics
1403061,tyrique george,VERIFIED,verified player_identity_registry.csv + existing Player Research identity semantics
1403063,zain silcott-duberry,VERIFIED,verified player_identity_registry.csv + existing Player Research identity semantics
1403108,jayden danns,VERIFIED,verified player_identity_registry.csv + existing Player Research identity semantics
1403111,lewis koumas,VERIFIED,verified player_identity_registry.csv + existing Player Research identity semantics
1407484,samuel amo-ameyaw,VERIFIED,verified player_identity_registry.csv + existing Player Research identity semantics
1409114,maldini kacurri,VERIFIED,verified player_identity_registry.csv + existing Player Research identity semantics
1410178,jamaldeen jimoh,VERIFIED,verified player_identity_registry.csv + existing Player Research identity semantics
1410201,jayden meghoma,VERIFIED,verified player_identity_registry.csv + existing Player Research identity semantics
1410227,sam proctor,VERIFIED,verified player_identity_registry.csv + existing Player Research identity semantics
1411034,jimi gower,VERIFIED,verified player_identity_registry.csv + existing Player Research identity semantics
1411039,josh nichols,VERIFIED,verified player_identity_registry.csv + existing Player Research identity semantics
1411132,julian eyestone,VERIFIED,verified player_identity_registry.csv + existing Player Research identity semantics
1411668,isaac heath,VERIFIED,verified player_identity_registry.csv + existing Player Research identity semantics
1413129,luc de fougerolles,VERIFIED,verified player_identity_registry.csv + existing Player Research identity semantics
1415001,roman dixon,VERIFIED,verified player_identity_registry.csv + existing Player Research identity semantics
142148,sead kolasinac,VERIFIED,verified player_identity_registry.csv + existing Player Research identity semantics
1423711,myles lewis-skelly,VERIFIED,verified player_identity_registry.csv + existing Player Research identity semantics
1424625,brayden clarke,VERIFIED,verified player_identity_registry.csv + existing Player Research identity semantics
142622,antonio rüdiger,VERIFIED,verified player_identity_registry.csv + existing Player Research identity semantics
1426220,joachim kayi-sanda,VERIFIED,verified player_identity_registry.csv + existing Player Research identity semantics
1426224,mathis amougou,VERIFIED,verified player_identity_registry.csv + existing Player Research identity semantics
143040,wataru endo,VERIFIED,verified player_identity_registry.csv + existing Player Research identity semantics
143697,roberto firmino,VERIFIED,verified player_identity_registry.csv + existing Player Research identity semantics
1438837,romain esse,VERIFIED,verified player_identity_registry.csv + existing Player Research identity semantics
1438929,callum bates,VERIFIED,verified player_identity_registry.csv + existing Player Research identity semantics
1440673,jay robinson,VERIFIED,verified player_identity_registry.csv + existing Player Research identity semantics
1445799,ayden heaven,VERIFIED,verified player_identity_registry.csv + existing Player Research identity semantics
1446172,daniel adu-adjei,VERIFIED,verified player_identity_registry.csv + existing Player Research identity semantics
145188,james tarkowski,VERIFIED,verified player_identity_registry.csv + existing Player Research identity semantics
1457536,andrés garcía,VERIFIED,verified player_identity_registry.csv + existing Player Research identity semantics
1463438,michael dacosta gonzalez,VERIFIED,verified player_identity_registry.csv + existing Player Research identity semantics
1465401,caleb kporha,VERIFIED,verified player_identity_registry.csv + existing Player Research identity semantics
1467880,tony yogane,VERIFIED,verified player_identity_registry.csv + existing Player Research identity semantics
1470048,iwan morgan,VERIFIED,verified player_identity_registry.csv + existing Player Research identity semantics
1470532,benjamin fredrick,VERIFIED,verified player_identity_registry.csv + existing Player Research identity semantics
148710,jeffrey schlupp,VERIFIED,verified player_identity_registry.csv + existing Player Research identity semantics
1500263,aaron anselmino,VERIFIED,verified player_identity_registry.csv + existing Player Research identity semantics
1500529,benjamin arthur,VERIFIED,verified player_identity_registry.csv + existing Player Research identity semantics
1500620,zach marsh,VERIFIED,verified player_identity_registry.csv + existing Player Research identity semantics
1514221,samuel amissah,VERIFIED,verified player_identity_registry.csv + existing Player Research identity semantics
151499,bobby de cordova-reid,VERIFIED,verified player_identity_registry.csv + existing Player Research identity semantics
151545,virgil van dijk,VERIFIED,verified player_identity_registry.csv + existing Player Research identity semantics
1518589,yunus konak,VERIFIED,verified player_identity_registry.csv + existing Player Research identity semantics
1525389,jayden moore,VERIFIED,verified player_identity_registry.csv + existing Player Research identity semantics
1532899,ben broggio,VERIFIED,verified player_identity_registry.csv + existing Player Research identity semantics
1537202,archie harris,VERIFIED,verified player_identity_registry.csv + existing Player Research identity semantics
1546231,joshua king,VERIFIED,verified player_identity_registry.csv + existing Player Research identity semantics
1550811,amara nallo,VERIFIED,verified player_identity_registry.csv + existing Player Research identity semantics
155818,takumi minamino,VERIFIED,verified player_identity_registry.csv + existing Player Research identity semantics
1567897,ollie harrison,VERIFIED,verified player_identity_registry.csv + existing Player Research identity semantics
158263,emiliano martínez,VERIFIED,verified player_identity_registry.csv + existing Player Research identity semantics
159665,mohamed salah,VERIFIED,verified player_identity_registry.csv + existing Player Research identity semantics
159675,mohamed elneny,VERIFIED,verified player_identity_registry.csv + existing Player Research identity semantics
161717,james ward-prowse,VERIFIED,verified player_identity_registry.csv + existing Player Research identity semantics
1621612,ismeal kabia,VERIFIED,verified player_identity_registry.csv + existing Player Research identity semantics
162653,nick pope,VERIFIED,verified player_identity_registry.csv + existing Player Research identity semantics
1627560,harrison armstrong,VERIFIED,verified player_identity_registry.csv + existing Player Research identity semantics
1632524,eddie beach,VERIFIED,verified player_identity_registry.csv + existing Player Research identity semantics
1653718,lander emery,VERIFIED,verified player_identity_registry.csv + existing Player Research identity semantics
166381,charlie taylor,VERIFIED,verified player_identity_registry.csv + existing Player Research identity semantics
17054,adam lallana,VERIFIED,verified player_identity_registry.csv + existing Player Research identity semantics
17063,erik pieters,VERIFIED,verified player_identity_registry.csv + existing Player Research identity semantics
171919,mark flekken,VERIFIED,verified player_identity_registry.csv + existing Player Research identity semantics
1799984,asher agbinone,VERIFIED,verified player_identity_registry.csv + existing Player Research identity semantics
186795,andreas christensen,VERIFIED,verified player_identity_registry.csv + existing Player Research identity semantics
186809,emiliano marcondes,VERIFIED,verified player_identity_registry.csv + existing Player Research identity semantics
187023,rúnar alex rúnarsson,VERIFIED,verified player_identity_registry.csv + existing Player Research identity semantics
188365,héctor bellerín,VERIFIED,verified player_identity_registry.csv + existing Player Research identity semantics
1899740,jack porter,VERIFIED,verified player_identity_registry.csv + existing Player Research identity semantics
190399,divock origi,VERIFIED,verified player_identity_registry.csv + existing Player Research identity semantics
190405,leander dendoncker,VERIFIED,verified player_identity_registry.csv + existing Player Research identity semantics
190853,joe rothwell,VERIFIED,verified player_identity_registry.csv + existing Player Research identity semantics
190857,ben pearson,VERIFIED,verified player_identity_registry.csv + existing Player Research identity semantics
190877,kenny tete,VERIFIED,verified player_identity_registry.csv + existing Player Research identity semantics
192144,aleksandar mitrović,VERIFIED,verified player_identity_registry.csv + existing Player Research identity semantics
192266,björn engels,VERIFIED,verified player_identity_registry.csv + existing Player Research identity semantics
192442,raúl jiménez,VERIFIED,verified player_identity_registry.csv + existing Player Research identity semantics
19314,fraser forster,VERIFIED,verified player_identity_registry.csv + existing Player Research identity semantics
193554,will hughes,VERIFIED,verified player_identity_registry.csv + existing Player Research identity semantics
1979970,ameen al-dakhil,VERIFIED,verified player_identity_registry.csv + existing Player Research identity semantics
198028,dele alli,VERIFIED,verified player_identity_registry.csv + existing Player Research identity semantics
2007889,ben winterburn,VERIFIED,verified player_identity_registry.csv + existing Player Research identity semantics
2023409,remy rees-dottin,VERIFIED,verified player_identity_registry.csv + existing Player Research identity semantics
208988,pablo marí,VERIFIED,verified player_identity_registry.csv + existing Player Research identity semantics
20993,jack cork,VERIFIED,verified player_identity_registry.csv + existing Player Research identity semantics
21299,dale stephens,VERIFIED,verified player_identity_registry.csv + existing Player Research identity semantics
21555,césar azpilicueta,VERIFIED,verified player_identity_registry.csv + existing Player Research identity semantics
217704,sadio mané,VERIFIED,verified player_identity_registry.csv + existing Player Research identity semantics
218160,bertrand traoré,VERIFIED,verified player_identity_registry.csv + existing Player Research identity semantics
227212,thomas strakosha,VERIFIED,verified player_identity_registry.csv + existing Player Research identity semantics
227900,kevin mbabu,VERIFIED,verified player_identity_registry.csv + existing Player Research identity semantics
227942,calum chambers,VERIFIED,verified player_identity_registry.csv + existing Player Research identity semantics
232306,timo werner,VERIFIED,verified player_identity_registry.csv + existing Player Research identity semantics
232422,kepa arrizabalaga,VERIFIED,verified player_identity_registry.csv + existing Player Research identity semantics
234148,n'golo kanté,VERIFIED,verified player_identity_registry.csv + existing Player Research identity semantics
24048,fabian delph,VERIFIED,verified player_identity_registry.csv + existing Player Research identity semantics
249437,hakim ziyech,VERIFIED,verified player_identity_registry.csv + existing Player Research identity semantics
250133,morgan sanson,VERIFIED,verified player_identity_registry.csv + existing Player Research identity semantics
250223,john mcginn,VERIFIED,verified player_identity_registry.csv + existing Player Research identity semantics
255189,kortney hause,VERIFIED,verified player_identity_registry.csv + existing Player Research identity semantics
257091,duje caleta-car,VERIFIED,verified player_identity_registry.csv + existing Player Research identity semantics
257433,jamal lowe,VERIFIED,verified player_identity_registry.csv + existing Player Research identity semantics
257993,marcus bettinelli,VERIFIED,verified player_identity_registry.csv + existing Player Research identity semantics
26025,robin olsen,VERIFIED,verified player_identity_registry.csv + existing Player Research identity semantics
268903,neal maupay,VERIFIED,verified player_identity_registry.csv + existing Player Research identity semantics
26989,jay rodriguez,VERIFIED,verified player_identity_registry.csv + existing Player Research identity semantics
27028,ashley barnes,VERIFIED,verified player_identity_registry.csv + existing Player Research identity semantics
280439,maxwel cornet,VERIFIED,verified player_identity_registry.csv + existing Player Research identity semantics
284441,ruben loftus-cheek,VERIFIED,verified player_identity_registry.csv + existing Player Research identity semantics
285989,jairo riedewald,VERIFIED,verified player_identity_registry.csv + existing Player Research identity semantics
286085,jan bednarek,VERIFIED,verified player_identity_registry.csv + existing Player Research identity semantics
286165,adama traoré,VERIFIED,verified player_identity_registry.csv + existing Player Research identity semantics
287643,oleksandr zinchenko,VERIFIED,verified player_identity_registry.csv + existing Player Research identity semantics
290927,ivan toney,VERIFIED,verified player_identity_registry.csv + existing Player Research identity semantics
295123,paul onuachu,VERIFIED,verified player_identity_registry.csv + existing Player Research identity semantics
298366,kieffer moore,VERIFIED,verified player_identity_registry.csv + existing Player Research identity semantics
303638,tyrone mings,VERIFIED,verified player_identity_registry.csv + existing Player Research identity semantics
309218,ben davies,VERIFIED,verified player_identity_registry.csv + existing Player Research identity semantics
316148,thomas partey,VERIFIED,verified player_identity_registry.csv + existing Player Research identity semantics
318927,joe gomez,VERIFIED,verified player_identity_registry.csv + existing Player Research identity semantics
32023,vicente guaita,VERIFIED,verified player_identity_registry.csv + existing Player Research identity semantics
32124,james tomkins,VERIFIED,verified player_identity_registry.csv + existing Player Research identity semantics
322391,ryan christie,VERIFIED,verified player_identity_registry.csv + existing Player Research identity semantics
326343,jean-philippe gbamin,VERIFIED,verified player_identity_registry.csv + existing Player Research identity semantics
328701,ryan manning,VERIFIED,verified player_identity_registry.csv + existing Player Research identity semantics
329417,timothy castagne,VERIFIED,verified player_identity_registry.csv + existing Player Research identity semantics
331737,youri tielemans,VERIFIED,verified player_identity_registry.csv + existing Player Research identity semantics
336655,enes ünal,VERIFIED,verified player_identity_registry.csv + existing Player Research identity semantics
352668,tosin adarabioyo,VERIFIED,verified player_identity_registry.csv + existing Player Research identity semantics
352768,ainsley maitland-niles,VERIFIED,verified player_identity_registry.csv + existing Player Research identity semantics
352770,alex iwobi,VERIFIED,verified player_identity_registry.csv + existing Player Research identity semantics
355152,demarai gray,VERIFIED,verified player_identity_registry.csv + existing Player Research identity semantics
35532,salomón rondón,VERIFIED,verified player_identity_registry.csv + existing Player Research identity semantics
355528,harry wilson,VERIFIED,verified player_identity_registry.csv + existing Player Research identity semantics
358394,josh brownhill,VERIFIED,verified player_identity_registry.csv + existing Player Research identity semantics
358694,marek rodák,VERIFIED,verified player_identity_registry.csv + existing Player Research identity semantics
360396,yerry mina,VERIFIED,verified player_identity_registry.csv + existing Player Research identity semantics
361004,marco asensio,VERIFIED,verified player_identity_registry.csv + existing Player Research identity semantics
361310,jonjoe kenny,VERIFIED,verified player_identity_registry.csv + existing Player Research identity semantics
361352,adam armstrong,VERIFIED,verified player_identity_registry.csv + existing Player Research identity semantics
361420,dominic solanke,VERIFIED,verified player_identity_registry.csv + existing Player Research identity semantics
362470,anwar el ghazi,VERIFIED,verified player_identity_registry.csv + existing Player Research identity semantics
362682,joachim andersen,VERIFIED,verified player_identity_registry.csv + existing Player Research identity semantics
365296,will norris,VERIFIED,verified player_identity_registry.csv + existing Player Research identity semantics
365772,naby keita,VERIFIED,verified player_identity_registry.csv + existing Player Research identity semantics
365802,harrison reed,VERIFIED,verified player_identity_registry.csv + existing Player Research identity semantics
366592,kieran tierney,VERIFIED,verified player_identity_registry.csv + existing Player Research identity semantics
368134,matt targett,VERIFIED,verified player_identity_registry.csv + existing Player Research identity semantics
371222,,REVIEW,verified player_identity_registry.csv + existing Player Research identity semantics
372344,dominic calvert-lewin,VERIFIED,verified player_identity_registry.csv + existing Player Research identity semantics
372430,frédéric guilbert,VERIFIED,verified player_identity_registry.csv + existing Player Research identity semantics
373240,lawrence vigouroux,VERIFIED,verified player_identity_registry.csv + existing Player Research identity semantics
39070,olivier giroud,VERIFIED,verified player_identity_registry.csv + existing Player Research identity semantics
39183,joel ward,VERIFIED,verified player_identity_registry.csv + existing Player Research identity semantics
39282,james mcarthur,VERIFIED,verified player_identity_registry.csv + existing Player Research identity semantics
39472,martin kelly,VERIFIED,verified player_identity_registry.csv + existing Player Research identity semantics
42694,jordan henderson,VERIFIED,verified player_identity_registry.csv + existing Player Research identity semantics
43215,nathaniel clyne,VERIFIED,verified player_identity_registry.csv + existing Player Research identity semantics
4387,eldin jakupovic,VERIFIED,verified player_identity_registry.csv + existing Player Research identity semantics
44566,adam smith,VERIFIED,verified player_identity_registry.csv + existing Player Research identity semantics
44760,cédric soares,VERIFIED,verified player_identity_registry.csv + existing Player Research identity semantics
44823,junior stanislas,VERIFIED,verified player_identity_registry.csv + existing Player Research identity semantics
45502,alex mccarthy,VERIFIED,verified player_identity_registry.csv + existing Player Research identity semantics
45944,cheikhou kouyaté,VERIFIED,verified player_identity_registry.csv + existing Player Research identity semantics
45970,christian benteke,VERIFIED,verified player_identity_registry.csv + existing Player Research identity semantics
47992,andros townsend,VERIFIED,verified player_identity_registry.csv + existing Player Research identity semantics
49647,ashley westwood,VERIFIED,verified player_identity_registry.csv + existing Player Research identity semantics
50070,alexandre lacazette,VERIFIED,verified player_identity_registry.csv + existing Player Research identity semantics
50294,luka milivojevic,VERIFIED,verified player_identity_registry.csv + existing Player Research identity semantics
50480,chris wood,VERIFIED,verified player_identity_registry.csv + existing Player Research identity semantics
51498,pierre-emerick aubameyang,VERIFIED,verified player_identity_registry.csv + existing Player Research identity semantics
51501,joel matip,VERIFIED,verified player_identity_registry.csv + existing Player Research identity semantics
52741,willy caballero,VERIFIED,verified player_identity_registry.csv + existing Player Research identity semantics
547410,martin ødegaard,VERIFIED,verified player_identity_registry.csv + existing Player Research identity semantics
548050,saman ghoddos,VERIFIED,verified player_identity_registry.csv + existing Player Research identity semantics
548188,lewis cook,VERIFIED,verified player_identity_registry.csv + existing Player Research identity semantics
548660,philip billing,VERIFIED,verified player_identity_registry.csv + existing Player Research identity semantics
55123,pontus jansson,VERIFIED,verified player_identity_registry.csv + existing Player Research identity semantics
555386,ollie watkins,VERIFIED,verified player_identity_registry.csv + existing Player Research identity semantics
555406,james bree,VERIFIED,verified player_identity_registry.csv + existing Player Research identity semantics
55570,shane duffy,VERIFIED,verified player_identity_registry.csv + existing Player Research identity semantics
556904,marvelous nakamba,VERIFIED,verified player_identity_registry.csv + existing Player Research identity semantics
576384,kristoffer ajer,VERIFIED,verified player_identity_registry.csv + existing Player Research identity semantics
580550,clément lenglet,VERIFIED,verified player_identity_registry.csv + existing Player Research identity semantics
581610,remi matthews,VERIFIED,verified player_identity_registry.csv + existing Player Research identity semantics
583450,jack stacey,VERIFIED,verified player_identity_registry.csv + existing Player Research identity semantics
58488,matej vydra,VERIFIED,verified player_identity_registry.csv + existing Player Research identity semantics
591620,joe lumley,VERIFIED,verified player_identity_registry.csv + existing Player Research identity semantics
592010,mikel merino,VERIFIED,verified player_identity_registry.csv + existing Player Research identity semantics
593526,nicolas pépé,VERIFIED,verified player_identity_registry.csv + existing Player Research identity semantics
599128,rico henry,VERIFIED,verified player_identity_registry.csv + existing Player Research identity semantics
606164,diogo jota,VERIFIED,verified player_identity_registry.csv + existing Player Research identity semantics
610766,tammy abraham,VERIFIED,verified player_identity_registry.csv + existing Player Research identity semantics
65953,xherdan shaqiri,VERIFIED,verified player_identity_registry.csv + existing Player Research identity semantics
67507,matthew lowton,VERIFIED,verified player_identity_registry.csv + existing Player Research identity semantics
69408,marcos alonso,VERIFIED,verified player_identity_registry.csv + existing Player Research identity semantics
72127,cenk tosun,VERIFIED,verified player_identity_registry.csv + existing Player Research identity semantics
754698,ben godfrey,VERIFIED,verified player_identity_registry.csv + existing Player Research identity semantics
76632,,REVIEW,verified player_identity_registry.csv + existing Player Research identity semantics
768,phil bardsley,VERIFIED,verified player_identity_registry.csv + existing Player Research identity semantics
769333,christopher nkunku,VERIFIED,verified player_identity_registry.csv + existing Player Research identity semantics
770677,denis zakaria,VERIFIED,verified player_identity_registry.csv + existing Player Research identity semantics
773409,che adams,VERIFIED,verified player_identity_registry.csv + existing Player Research identity semantics
781544,mason holgate,VERIFIED,verified player_identity_registry.csv + existing Player Research identity semantics
788134,dean henderson,VERIFIED,verified player_identity_registry.csv + existing Player Research identity semantics
788170,fodé ballo-touré,VERIFIED,verified player_identity_registry.csv + existing Player Research identity semantics
791,james milner,VERIFIED,verified player_identity_registry.csv + existing Player Research identity semantics
792122,josh cullen,VERIFIED,verified player_identity_registry.csv + existing Player Research identity semantics
793167,sander berge,VERIFIED,verified player_identity_registry.csv + existing Player Research identity semantics
793228,rob holding,VERIFIED,verified player_identity_registry.csv + existing Player Research identity semantics
793988,orel mangala,VERIFIED,verified player_identity_registry.csv + existing Player Research identity semantics
794338,daichi kamada,VERIFIED,verified player_identity_registry.csv + existing Player Research identity semantics
795058,tom davies,VERIFIED,verified player_identity_registry.csv + existing Player Research identity semantics
795064,trent alexander-arnold,VERIFIED,verified player_identity_registry.csv + existing Player Research identity semantics
795228,odsonne edouard,VERIFIED,verified player_identity_registry.csv + existing Player Research identity semantics
798314,wesley moraes,VERIFIED,verified player_identity_registry.csv + existing Player Research identity semantics
798933,charlie goode,VERIFIED,verified player_identity_registry.csv + existing Player Research identity semantics
799251,mathias jensen,VERIFIED,verified player_identity_registry.csv + existing Player Research identity semantics
800419,tyler adams,VERIFIED,verified player_identity_registry.csv + existing Player Research identity semantics
802695,ben chilwell,VERIFIED,verified player_identity_registry.csv + existing Player Research identity semantics
803039,donyell malen,VERIFIED,verified player_identity_registry.csv + existing Player Research identity semantics
803174,antonee robinson,VERIFIED,verified player_identity_registry.csv + existing Player Research identity semantics
804434,takehiro tomiyasu,VERIFIED,verified player_identity_registry.csv + existing Player Research identity semantics
804613,connor roberts,VERIFIED,verified player_identity_registry.csv + existing Player Research identity semantics
805123,yoane wissa,VERIFIED,verified player_identity_registry.csv + existing Player Research identity semantics
808590,leon bailey,VERIFIED,verified player_identity_registry.csv + existing Player Research identity semantics
809276,jacob bruun larsen,VERIFIED,verified player_identity_registry.csv + existing Player Research identity semantics
814590,marcus rashford,VERIFIED,verified player_identity_registry.csv + existing Player Research identity semantics
814873,vitaly janelt,VERIFIED,verified player_identity_registry.csv + existing Player Research identity semantics
815202,ionuț radu,VERIFIED,verified player_identity_registry.csv + existing Player Research identity semantics
815927,harry lewis,VERIFIED,verified player_identity_registry.csv + existing Player Research identity semantics
817957,christian pulisic,VERIFIED,verified player_identity_registry.csv + existing Player Research identity semantics
818073,joe aribo,VERIFIED,verified player_identity_registry.csv + existing Player Research identity semantics
823085,kyle walker-peters,VERIFIED,verified player_identity_registry.csv + existing Player Research identity semantics
82566,tom cairney,VERIFIED,verified player_identity_registry.csv + existing Player Research identity semantics
825719,issa diop,VERIFIED,verified player_identity_registry.csv + existing Player Research identity semantics
826134,trevoh chalobah,VERIFIED,verified player_identity_registry.csv + existing Player Research identity semantics
826139,reiss nelson,VERIFIED,verified player_identity_registry.csv + existing Player Research identity semantics
826169,hannes delcroix,VERIFIED,verified player_identity_registry.csv + existing Player Research identity semantics
826183,mike trésor,VERIFIED,verified player_identity_registry.csv + existing Player Research identity semantics
826202,yan valery,VERIFIED,verified player_identity_registry.csv + existing Player Research identity semantics
826203,malang sarr,VERIFIED,verified player_identity_registry.csv + existing Player Research identity semantics
826204,boubacar kamara,VERIFIED,verified player_identity_registry.csv + existing Player Research identity semantics
826215,ibrahima konaté,VERIFIED,verified player_identity_registry.csv + existing Player Research identity semantics
826259,bailey peacock-farrell,VERIFIED,verified player_identity_registry.csv + existing Player Research identity semantics
827243,axel disasi,VERIFIED,verified player_identity_registry.csv + existing Player Research identity semantics
827362,caoimhin kelleher,VERIFIED,verified player_identity_registry.csv + existing Player Research identity semantics
827519,romain perraud,VERIFIED,verified player_identity_registry.csv + existing Player Research identity semantics
828639,daniel james,VERIFIED,verified player_identity_registry.csv + existing Player Research identity semantics
829570,jack harrison,VERIFIED,verified player_identity_registry.csv + existing Player Research identity semantics
830659,marcos senesi,VERIFIED,verified player_identity_registry.csv + existing Player Research identity semantics
830858,keinan davis,VERIFIED,verified player_identity_registry.csv + existing Player Research identity semantics
833943,matt turner,VERIFIED,verified player_identity_registry.csv + existing Player Research identity semantics
833956,matty cash,VERIFIED,verified player_identity_registry.csv + existing Player Research identity semantics
835601,moise kean,VERIFIED,verified player_identity_registry.csv + existing Player Research identity semantics
836070,luis sinisterra,VERIFIED,verified player_identity_registry.csv + existing Player Research identity semantics
836694,mason mount,VERIFIED,verified player_identity_registry.csv + existing Player Research identity semantics
836698,ryan sessegnon,VERIFIED,verified player_identity_registry.csv + existing Player Research identity semantics
836705,kai havertz,VERIFIED,verified player_identity_registry.csv + existing Player Research identity semantics
839410,aaron ramsdale,VERIFIED,verified player_identity_registry.csv + existing Player Research identity semantics
843270,ben woodburn,VERIFIED,verified player_identity_registry.csv + existing Player Research identity semantics
845074,edouard mendy,VERIFIED,verified player_identity_registry.csv + existing Player Research identity semantics
845286,ismaïla sarr,VERIFIED,verified player_identity_registry.csv + existing Player Research identity semantics
845386,federico chiesa,VERIFIED,verified player_identity_registry.csv + existing Player Research identity semantics
847097,ethan ampadu,VERIFIED,verified player_identity_registry.csv + existing Player Research identity semantics
848276,jean-philippe mateta,VERIFIED,verified player_identity_registry.csv + existing Player Research identity semantics
851100,jadon sancho,VERIFIED,verified player_identity_registry.csv + existing Player Research identity semantics
851596,justin kluivert,VERIFIED,verified player_identity_registry.csv + existing Player Research identity semantics
855731,david brooks,VERIFIED,verified player_identity_registry.csv + existing Player Research identity semantics
855817,moussa diaby,VERIFIED,verified player_identity_registry.csv + existing Player Research identity semantics
855864,ethan pinnock,VERIFIED,verified player_identity_registry.csv + existing Player Research identity semantics
856260,josh dasilva,VERIFIED,verified player_identity_registry.csv + existing Player Research identity semantics
856714,declan rice,VERIFIED,verified player_identity_registry.csv + existing Player Research identity semantics
856719,dara o'shea,VERIFIED,verified player_identity_registry.csv + existing Player Research identity semantics
856720,mark travers,VERIFIED,verified player_identity_registry.csv + existing Player Research identity semantics
858194,eddie nketiah,VERIFIED,verified player_identity_registry.csv + existing Player Research identity semantics
858195,sergio reguilón,VERIFIED,verified player_identity_registry.csv + existing Player Research identity semantics
860205,ellery balcombe,VERIFIED,verified player_identity_registry.csv + existing Player Research identity semantics
860764,steven benda,VERIFIED,verified player_identity_registry.csv + existing Player Research identity semantics
861970,kiernan dewsbury-hall,VERIFIED,verified player_identity_registry.csv + existing Player Research identity semantics
861972,calvin bassey,VERIFIED,verified player_identity_registry.csv + existing Player Research identity semantics
862223,manor solomon,VERIFIED,verified player_identity_registry.csv + existing Player Research identity semantics
862967,cody gakpo,VERIFIED,verified player_identity_registry.csv + existing Player Research identity semantics
864169,pau torres,VERIFIED,verified player_identity_registry.csv + existing Player Research identity semantics
864898,nicolò zaniolo,VERIFIED,verified player_identity_registry.csv + existing Player Research identity semantics
864921,eberechi eze,VERIFIED,verified player_identity_registry.csv + existing Player Research identity semantics
865167,lloyd kelly,VERIFIED,verified player_identity_registry.csv + existing Player Research identity semantics
865740,chris mepham,VERIFIED,verified player_identity_registry.csv + existing Player Research identity semantics
867442,callum hudson-odoi,VERIFIED,verified player_identity_registry.csv + existing Player Research identity semantics
867445,emile smith rowe,VERIFIED,verified player_identity_registry.csv + existing Player Research identity semantics
867583,ben brereton díaz,VERIFIED,verified player_identity_registry.csv + existing Player Research identity semantics
869792,gabriel magalhães,VERIFIED,verified player_identity_registry.csv + existing Player Research identity semantics
869856,dominik szoboszlai,VERIFIED,verified player_identity_registry.csv + existing Player Research identity semantics
869910,moussa djenepo,VERIFIED,verified player_identity_registry.csv + existing Player Research identity semantics
870360,daniel muñoz,VERIFIED,verified player_identity_registry.csv + existing Player Research identity semantics
875295,matías viña,VERIFIED,verified player_identity_registry.csv + existing Player Research identity semantics
875360,hjalmar ekdal,VERIFIED,verified player_identity_registry.csv + existing Player Research identity semantics
877036,anass zaroury,VERIFIED,verified player_identity_registry.csv + existing Player Research identity semantics
877994,marc guéhi,VERIFIED,verified player_identity_registry.csv + existing Player Research identity semantics
879674,maxence lacroix,VERIFIED,verified player_identity_registry.csv + existing Player Research identity semantics
879810,flynn downes,VERIFIED,verified player_identity_registry.csv + existing Player Research identity semantics
882604,,REVIEW,verified player_identity_registry.csv + existing Player Research identity semantics
883537,luis díaz,VERIFIED,verified player_identity_registry.csv + existing Player Research identity semantics
885864,frank onyeka,VERIFIED,verified player_identity_registry.csv + existing Player Research identity semantics
885908,reece james,VERIFIED,verified player_identity_registry.csv + existing Player Research identity semantics
886117,ross stewart,VERIFIED,verified player_identity_registry.csv + existing Player Research identity semantics
88645,mislav orsic,VERIFIED,verified player_identity_registry.csv + existing Player Research identity semantics
886532,siriki dembélé,VERIFIED,verified player_identity_registry.csv + existing Player Research identity semantics
888971,arijanet muric,VERIFIED,verified player_identity_registry.csv + existing Player Research identity semantics
891238,kofi balmer,VERIFIED,verified player_identity_registry.csv + existing Player Research identity semantics
892111,shandon baptiste,VERIFIED,verified player_identity_registry.csv + existing Player Research identity semantics
895324,alexis mac allister,VERIFIED,verified player_identity_registry.csv + existing Player Research identity semantics
895576,marcus tavernier,VERIFIED,verified player_identity_registry.csv + existing Player Research identity semantics
901892,albert sambi lokonga,VERIFIED,verified player_identity_registry.csv + existing Player Research identity semantics
901907,lyle foster,VERIFIED,verified player_identity_registry.csv + existing Player Research identity semantics
902091,rhys williams,VERIFIED,verified player_identity_registry.csv + existing Player Research identity semantics
904827,benoît badiashile,VERIFIED,verified player_identity_registry.csv + existing Player Research identity semantics
904897,ryan gravenberch,VERIFIED,verified player_identity_registry.csv + existing Player Research identity semantics
904970,conor gallagher,VERIFIED,verified player_identity_registry.csv + existing Player Research identity semantics
906047,cheick doucouré,VERIFIED,verified player_identity_registry.csv + existing Player Research identity semantics
907072,mikkel damsgaard,VERIFIED,verified player_identity_registry.csv + existing Player Research identity semantics
907500,paris maghoma,VERIFIED,verified player_identity_registry.csv + existing Player Research identity semantics
907668,billy gilmour,VERIFIED,verified player_identity_registry.csv + existing Player Research identity semantics
911710,nathan broadhead,VERIFIED,verified player_identity_registry.csv + existing Player Research identity semantics
913942,romain faivre,VERIFIED,verified player_identity_registry.csv + existing Player Research identity semantics
914309,iliman ndiaye,VERIFIED,verified player_identity_registry.csv + existing Player Research identity semantics
914902,anthony gordon,VERIFIED,verified player_identity_registry.csv + existing Player Research identity semantics
915688,nathan ferguson,VERIFIED,verified player_identity_registry.csv + existing Player Research identity semantics
918429,mads bidstrup,VERIFIED,verified player_identity_registry.csv + existing Player Research identity semantics
920379,nathan tella,VERIFIED,verified player_identity_registry.csv + existing Player Research identity semantics
920393,nathaniel phillips,VERIFIED,verified player_identity_registry.csv + existing Player Research identity semantics
920546,robert sánchez,VERIFIED,verified player_identity_registry.csv + existing Player Research identity semantics
921216,michael obafemi,VERIFIED,verified player_identity_registry.csv + existing Player Research identity semantics
923894,wesley fofana,VERIFIED,verified player_identity_registry.csv + existing Player Research identity semantics
923973,amadou onana,VERIFIED,verified player_identity_registry.csv + existing Player Research identity semantics
924378,sepp van den berg,VERIFIED,verified player_identity_registry.csv + existing Player Research identity semantics
927083,bryan mbeumo,VERIFIED,verified player_identity_registry.csv + existing Player Research identity semantics
927175,jordan beyer,VERIFIED,verified player_identity_registry.csv + existing Player Research identity semantics
927340,han-noah massengo,VERIFIED,verified player_identity_registry.csv + existing Player Research identity semantics
927353,curtis jones,VERIFIED,verified player_identity_registry.csv + existing Player Research identity semantics
927356,neco williams,VERIFIED,verified player_identity_registry.csv + existing Player Research identity semantics
927359,vítezslav jaros,VERIFIED,verified player_identity_registry.csv + existing Player Research identity semantics
927361,james garner,VERIFIED,verified player_identity_registry.csv + existing Player Research identity semantics
929717,mackenzie hunt,VERIFIED,verified player_identity_registry.csv + existing Player Research identity semantics
930666,joão virgínia,VERIFIED,verified player_identity_registry.csv + existing Player Research identity semantics
930775,halil dervişoğlu,VERIFIED,verified player_identity_registry.csv + existing Player Research identity semantics
931844,chris richards,VERIFIED,verified player_identity_registry.csv + existing Player Research identity semantics
934235,bukayo saka,VERIFIED,verified player_identity_registry.csv + existing Player Research identity semantics
934354,antoine semenyo,VERIFIED,verified player_identity_registry.csv + existing Player Research identity semantics
935543,dwight mcneil,VERIFIED,verified player_identity_registry.csv + existing Player Research identity semantics
936719,gavin bazunu,VERIFIED,verified player_identity_registry.csv + existing Player Research identity semantics
941168,william saliba,VERIFIED,verified player_identity_registry.csv + existing Player Research identity semantics
941179,niels nkounkou,VERIFIED,verified player_identity_registry.csv + existing Player Research identity semantics
941757,tyrese francois,VERIFIED,verified player_identity_registry.csv + existing Player Research identity semantics
943645,max aarons,VERIFIED,verified player_identity_registry.csv + existing Player Research identity semantics
944201,marcus forss,VERIFIED,verified player_identity_registry.csv + existing Player Research identity semantics
946158,mohammed salisu,VERIFIED,verified player_identity_registry.csv + existing Player Research identity semantics
947929,jesper lindstrøm,VERIFIED,verified player_identity_registry.csv + existing Player Research identity semantics
948261,morgan rogers,VERIFIED,verified player_identity_registry.csv + existing Player Research identity semantics
949785,ibrahima diallo,VERIFIED,verified player_identity_registry.csv + existing Player Research identity semantics
952627,anthony mancini,VERIFIED,verified player_identity_registry.csv + existing Player Research identity semantics
955245,harvey elliott,VERIFIED,verified player_identity_registry.csv + existing Player Research identity semantics
957602,riccardo calafiori,VERIFIED,verified player_identity_registry.csv + existing Player Research identity semantics
958916,nathan collins,VERIFIED,verified player_identity_registry.csv + existing Player Research identity semantics
958959,jurriën timber,VERIFIED,verified player_identity_registry.csv + existing Player Research identity semantics
958966,mykhailo mudryk,VERIFIED,verified player_identity_registry.csv + existing Player Research identity semantics
96116,kevin long,VERIFIED,verified player_identity_registry.csv + existing Player Research identity semantics
962053,filip jørgensen,VERIFIED,verified player_identity_registry.csv + existing Player Research identity semantics
964119,jordan zemura,VERIFIED,verified player_identity_registry.csv + existing Player Research identity semantics
96535,abdoulaye doucouré,VERIFIED,verified player_identity_registry.csv + existing Player Research identity semantics
96538,lucas digne,VERIFIED,verified player_identity_registry.csv + existing Player Research identity semantics
966547,noni madueke,VERIFIED,verified player_identity_registry.csv + existing Player Research identity semantics
966869,aaron hickey,VERIFIED,verified player_identity_registry.csv + existing Player Research identity semantics
966874,joe gauci,VERIFIED,verified player_identity_registry.csv + existing Player Research identity semantics
970366,dominic thompson,VERIFIED,verified player_identity_registry.csv + existing Player Research identity semantics
970435,will smallbone,VERIFIED,verified player_identity_registry.csv + existing Player Research identity semantics
972421,keane lewis-potter,VERIFIED,verified player_identity_registry.csv + existing Player Research identity semantics
974505,enzo fernández,VERIFIED,verified player_identity_registry.csv + existing Player Research identity semantics
974553,josh benson,VERIFIED,verified player_identity_registry.csv + existing Player Research identity semantics
974577,jhon durán,VERIFIED,verified player_identity_registry.csv + existing Player Research identity semantics
975937,jacob ramsey,VERIFIED,verified player_identity_registry.csv + existing Player Research identity semantics
976025,armel bella-kotchap,VERIFIED,verified player_identity_registry.csv + existing Player Research identity semantics
976037,jakub kiwior,VERIFIED,verified player_identity_registry.csv + existing Player Research identity semantics
976263,ian maatsen,VERIFIED,verified player_identity_registry.csv + existing Player Research identity semantics
978838,michael olise,VERIFIED,verified player_identity_registry.csv + existing Player Research identity semantics
979114,owen beck,VERIFIED,verified player_identity_registry.csv + existing Player Research identity semantics
979118,tyler morton,VERIFIED,verified player_identity_registry.csv + existing Player Research identity semantics
979563,jarrad branthwaite,VERIFIED,verified player_identity_registry.csv + existing Player Research identity semantics
980634,tino livramento,VERIFIED,verified player_identity_registry.csv + existing Player Research identity semantics
980636,miguel azeez,VERIFIED,verified player_identity_registry.csv + existing Player Research identity semantics
980637,taylor harwood-bellis,VERIFIED,verified player_identity_registry.csv + existing Player Research identity semantics
980643,james trafford,VERIFIED,verified player_identity_registry.csv + existing Player Research identity semantics
980649,myles peart-harris,VERIFIED,verified player_identity_registry.csv + existing Player Research identity semantics
982780,cole palmer,VERIFIED,verified player_identity_registry.csv + existing Player Research identity semantics
98427,sam johnstone,VERIFIED,verified player_identity_registry.csv + existing Player Research identity semantics
98435,ross barkley,VERIFIED,verified player_identity_registry.csv + existing Player Research identity semantics
98448,jack butland,VERIFIED,verified player_identity_registry.csv + existing Player Research identity semantics
98449,conor coady,VERIFIED,verified player_identity_registry.csv + existing Player Research identity semantics
98450,nathaniel chalobah,VERIFIED,verified player_identity_registry.csv + existing Player Research identity semantics
988275,tyrick mitchell,VERIFIED,verified player_identity_registry.csv + existing Player Research identity semantics
989345,gavin kilkenny,VERIFIED,verified player_identity_registry.csv + existing Player Research identity semantics
990550,zeki amdouni,VERIFIED,verified player_identity_registry.csv + existing Player Research identity semantics
991001,will dennis,VERIFIED,verified player_identity_registry.csv + existing Player Research identity semantics
991227,calvin ramsay,VERIFIED,verified player_identity_registry.csv + existing Player Research identity semantics
991576,reece hannam,VERIFIED,verified player_identity_registry.csv + existing Player Research identity semantics
991582,matthew smith,VERIFIED,verified player_identity_registry.csv + existing Player Research identity semantics
991588,kyle john,VERIFIED,verified player_identity_registry.csv + existing Player Research identity semantics
991591,karl hein,VERIFIED,verified player_identity_registry.csv + existing Player Research identity semantics
991599,george wickens,VERIFIED,verified player_identity_registry.csv + existing Player Research identity semantics
991614,ellis simms,VERIFIED,verified player_identity_registry.csv + existing Player Research identity semantics
993438,harry tyrer,VERIFIED,verified player_identity_registry.csv + existing Player Research identity semantics
993451,cameron archer,VERIFIED,verified player_identity_registry.csv + existing Player Research identity semantics
993533,lewis richardson,VERIFIED,verified player_identity_registry.csv + existing Player Research identity semantics
994556,carney chukwuemeka,VERIFIED,verified player_identity_registry.csv + existing Player Research identity semantics
994557,filip marschall,VERIFIED,verified player_identity_registry.csv + existing Player Research identity semantics
995654,viljami sinisalo,VERIFIED,verified player_identity_registry.csv + existing Player Research identity semantics
996903,lucas bergström,VERIFIED,verified player_identity_registry.csv + existing Player Research identity semantics
996904,ethan wady,VERIFIED,verified player_identity_registry.csv + existing Player Research identity semantics
996909,josh brooking,VERIFIED,verified player_identity_registry.csv + existing Player Research identity semantics
996910,bashir humphreys,VERIFIED,verified player_identity_registry.csv + existing Player Research identity semantics
996911,levi colwill,VERIFIED,verified player_identity_registry.csv + existing Player Research identity semantics
996914,harvey vale,VERIFIED,verified player_identity_registry.csv + existing Player Research identity semantics
996958,malo gusto,VERIFIED,verified player_identity_registry.csv + existing Player Research identity semantics
996985,armando broja,VERIFIED,verified player_identity_registry.csv + existing Player Research identity semantics
997104,naouirou ahamada,VERIFIED,verified player_identity_registry.csv + existing Player Research identity semantics
998253,jake o'brien,VERIFIED,verified player_identity_registry.csv + existing Player Research identity semantics
998832,lewis dobbin,VERIFIED,verified player_identity_registry.csv + existing Player Research identity semantics
998835,nathan butler-oyedeji,VERIFIED,verified player_identity_registry.csv + existing Player Research identity semantics
998841,ethan brierley,VERIFIED,verified player_identity_registry.csv + existing Player Research identity semantics
