field_name,frl_grains,semantic_status,reason
aerialDuels,player_season,PLAYER_SEASON_GRAIN_MATCH_REVIEW,Exact field exists at player-season grain; semantics still require explicit equivalence review.
aerialDuelsLost,player_season,PLAYER_SEASON_GRAIN_MATCH_REVIEW,Exact field exists at player-season grain; semantics still require explicit equivalence review.
aerialDuelsWon,player_season,PLAYER_SEASON_GRAIN_MATCH_REVIEW,Exact field exists at player-season grain; semantics still require explicit equivalence review.
appearances,player_season,PLAYER_SEASON_GRAIN_MATCH_REVIEW,Exact field exists at player-season grain; semantics still require explicit equivalence review.
blockedShots,player_season,PLAYER_SEASON_GRAIN_MATCH_REVIEW,Exact field exists at player-season grain; semantics still require explicit equivalence review.
blocks,player_season,PLAYER_SEASON_GRAIN_MATCH_REVIEW,Exact field exists at player-season grain; semantics still require explicit equivalence review.
cleanSheets,player_season,PLAYER_SEASON_GRAIN_MATCH_REVIEW,Exact field exists at player-season grain; semantics still require explicit equivalence review.
cornersWon,player_season,PLAYER_SEASON_GRAIN_MATCH_REVIEW,Exact field exists at player-season grain; semantics still require explicit equivalence review.
duels,player_season,PLAYER_SEASON_GRAIN_MATCH_REVIEW,Exact field exists at player-season grain; semantics still require explicit equivalence review.
duelsLost,player_season,PLAYER_SEASON_GRAIN_MATCH_REVIEW,Exact field exists at player-season grain; semantics still require explicit equivalence review.
duelsWon,player_season,PLAYER_SEASON_GRAIN_MATCH_REVIEW,Exact field exists at player-season grain; semantics still require explicit equivalence review.
gamesPlayed,player_season,PLAYER_SEASON_GRAIN_MATCH_REVIEW,Exact field exists at player-season grain; semantics still require explicit equivalence review.
goals,player_match | player_season,PLAYER_SEASON_GRAIN_MATCH_REVIEW,Exact field exists at player-season grain; semantics still require explicit equivalence review.
goalsConceded,player_season,PLAYER_SEASON_GRAIN_MATCH_REVIEW,Exact field exists at player-season grain; semantics still require explicit equivalence review.
goalsConcededInsideBox,player_season,PLAYER_SEASON_GRAIN_MATCH_REVIEW,Exact field exists at player-season grain; semantics still require explicit equivalence review.
goalsConcededOutsideBox,player_season,PLAYER_SEASON_GRAIN_MATCH_REVIEW,Exact field exists at player-season grain; semantics still require explicit equivalence review.
interceptions,player_season,PLAYER_SEASON_GRAIN_MATCH_REVIEW,Exact field exists at player-season grain; semantics still require explicit equivalence review.
offsides,player_season,PLAYER_SEASON_GRAIN_MATCH_REVIEW,Exact field exists at player-season grain; semantics still require explicit equivalence review.
openPlayPasses,player_season,PLAYER_SEASON_GRAIN_MATCH_REVIEW,Exact field exists at player-season grain; semantics still require explicit equivalence review.
penaltiesTaken,player_season,PLAYER_SEASON_GRAIN_MATCH_REVIEW,Exact field exists at player-season grain; semantics still require explicit equivalence review.
penaltyGoals,player_season,PLAYER_SEASON_GRAIN_MATCH_REVIEW,Exact field exists at player-season grain; semantics still require explicit equivalence review.
penaltyGoalsConceded,player_season,PLAYER_SEASON_GRAIN_MATCH_REVIEW,Exact field exists at player-season grain; semantics still require explicit equivalence review.
shotsBlockedInBox,player_season,PLAYER_SEASON_GRAIN_MATCH_REVIEW,Exact field exists at player-season grain; semantics still require explicit equivalence review.
shotsBlockedOutsideBox,player_season,PLAYER_SEASON_GRAIN_MATCH_REVIEW,Exact field exists at player-season grain; semantics still require explicit equivalence review.
shotsOffTargetIncWoodwork,player_season,PLAYER_SEASON_GRAIN_MATCH_REVIEW,Exact field exists at player-season grain; semantics still require explicit equivalence review.
shotsOnTargetInBox,player_season,PLAYER_SEASON_GRAIN_MATCH_REVIEW,Exact field exists at player-season grain; semantics still require explicit equivalence review.
shotsOnTargetIncGoals,player_season,PLAYER_SEASON_GRAIN_MATCH_REVIEW,Exact field exists at player-season grain; semantics still require explicit equivalence review.
shotsOnTargetOutsideBox,player_season,PLAYER_SEASON_GRAIN_MATCH_REVIEW,Exact field exists at player-season grain; semantics still require explicit equivalence review.
starts,player_season,PLAYER_SEASON_GRAIN_MATCH_REVIEW,Exact field exists at player-season grain; semantics still require explicit equivalence review.
successfulCrossesAndCorners,player_season,PLAYER_SEASON_GRAIN_MATCH_REVIEW,Exact field exists at player-season grain; semantics still require explicit equivalence review.
successfulCrossesOpenPlay,player_season,PLAYER_SEASON_GRAIN_MATCH_REVIEW,Exact field exists at player-season grain; semantics still require explicit equivalence review.
successfulDribbles,player_season,PLAYER_SEASON_GRAIN_MATCH_REVIEW,Exact field exists at player-season grain; semantics still require explicit equivalence review.
successfulLaunches,player_season,PLAYER_SEASON_GRAIN_MATCH_REVIEW,Exact field exists at player-season grain; semantics still require explicit equivalence review.
successfulLayoffs,player_season,PLAYER_SEASON_GRAIN_MATCH_REVIEW,Exact field exists at player-season grain; semantics still require explicit equivalence review.
successfulLongPasses,player_season,PLAYER_SEASON_GRAIN_MATCH_REVIEW,Exact field exists at player-season grain; semantics still require explicit equivalence review.
successfulPassesOppositionHalf,player_season,PLAYER_SEASON_GRAIN_MATCH_REVIEW,Exact field exists at player-season grain; semantics still require explicit equivalence review.
successfulPassesOwnHalf,player_season,PLAYER_SEASON_GRAIN_MATCH_REVIEW,Exact field exists at player-season grain; semantics still require explicit equivalence review.
successfulShortPasses,player_season,PLAYER_SEASON_GRAIN_MATCH_REVIEW,Exact field exists at player-season grain; semantics still require explicit equivalence review.
tacklesLost,player_season,PLAYER_SEASON_GRAIN_MATCH_REVIEW,Exact field exists at player-season grain; semantics still require explicit equivalence review.
tacklesWon,player_season,PLAYER_SEASON_GRAIN_MATCH_REVIEW,Exact field exists at player-season grain; semantics still require explicit equivalence review.
touches,player_match | player_season | team_match,PLAYER_SEASON_GRAIN_MATCH_REVIEW,Exact field exists at player-season grain; semantics still require explicit equivalence review.
unsuccessfulCrossesAndCorners,player_season,PLAYER_SEASON_GRAIN_MATCH_REVIEW,Exact field exists at player-season grain; semantics still require explicit equivalence review.
unsuccessfulCrossesOpenPlay,player_season,PLAYER_SEASON_GRAIN_MATCH_REVIEW,Exact field exists at player-season grain; semantics still require explicit equivalence review.
unsuccessfulDribbles,player_season,PLAYER_SEASON_GRAIN_MATCH_REVIEW,Exact field exists at player-season grain; semantics still require explicit equivalence review.
unsuccessfulLaunches,player_season,PLAYER_SEASON_GRAIN_MATCH_REVIEW,Exact field exists at player-season grain; semantics still require explicit equivalence review.
unsuccessfulLayoffs,player_season,PLAYER_SEASON_GRAIN_MATCH_REVIEW,Exact field exists at player-season grain; semantics still require explicit equivalence review.
unsuccessfulLongPasses,player_season,PLAYER_SEASON_GRAIN_MATCH_REVIEW,Exact field exists at player-season grain; semantics still require explicit equivalence review.
unsuccessfulPassesOwnHalf,player_season,PLAYER_SEASON_GRAIN_MATCH_REVIEW,Exact field exists at player-season grain; semantics still require explicit equivalence review.
unsuccessfulShortPasses,player_season,PLAYER_SEASON_GRAIN_MATCH_REVIEW,Exact field exists at player-season grain; semantics still require explicit equivalence review.
