path,type,target_field_hits,likely_key_hits
data\live_pl_api_cache\player_directory.json,json,firstName;isoCode;lastName;playerId;position;preferredFoot,id;name;playerId
data\live_pl_api_cache\player_basic.json,json,age;firstName;isoCode;lastName;position,id;name
data\live_pl_api_cache\player_career.json,json,age;isoCode;playerId;position;preferredFoot,id;name;playerId
data\live_pl_api_cache\player_leaderboard.json,json,firstName;isoCode;lastName;position,id;name
data\live_pl_api_cache\player_season_info.json,json,isoCode;playerId;position;preferredFoot,id;name;playerId
data\live_pl_api_cache\player_season_stats.json,json,firstName;isoCode;lastName;position,id;name
raw_upstream\pulselive\match-855174\snapshot.json,json,firstName;lastName;playerId;position,id;name;playerId;players;teamId
raw_upstream\pulselive\match-855176\snapshot.json,json,firstName;lastName;playerId;position,id;name;playerId;players;teamId
raw_upstream\pulselive\match-855177\snapshot.json,json,firstName;lastName;playerId;position,id;name;playerId;players;teamId
raw_upstream\pulselive\match-855178\snapshot.json,json,firstName;lastName;playerId;position,id;name;playerId;players;teamId
raw_upstream\pulselive\match-855179\snapshot.json,json,firstName;lastName;playerId;position,id;name;playerId;players;teamId
data\live_pl_api_cache\match_lineups.json,json,firstName;lastName;position,id;players;teamId
data\live_pl_api_cache\season_awards.json,json,isoCode;position;preferredFoot,id;name
data\live_pl_api_cache\team_squad.json,json,isoCode;position;preferredFoot,id;name;players
data\live_pl_api_cache\match_officials.json,json,firstName;lastName,name
data\live_pl_api_cache\standings.json,json,age;position,id;name;season
_merged\players\2020-21_all_players_gw.csv,csv,position,name
_merged\players\2021-22_all_players_gw.csv,csv,position,name
_merged\players\2022-23_all_players_gw.csv,csv,position,name
_merged\players\2023-24_all_players_gw.csv,csv,position,name
_merged\players\2024-25_all_players_gw.csv,csv,position,name
_merged\players\2025-26_all_players_gw.csv,csv,position,
data\live_pl_api_cache\clubs_metadata.json,json,age,id;name
data\live_pl_api_cache\current_gameweek_config.json,json,age,
data\live_pl_api_cache\match_events.json,json,playerId,id;name;playerId
data\live_pl_api_cache\match_stats.json,json,playerId,playerId;teamId
data\live_pl_api_cache\season_structure.json,json,age,name
players\Aaron_Hickey_472713\2025-26_gw_stats.csv,csv,position,
players\Aaron_Ramsdale_225321\2025-26_gw_stats.csv,csv,position,
players\Aaron_Ramsey_447715\2025-26_gw_stats.csv,csv,position,
players\Aaron_Wan-Bissaka_214590\2025-26_gw_stats.csv,csv,position,
players\Aarón_Anselmino_622758\2025-26_gw_stats.csv,csv,position,
players\Abdallah_Sima_516211\2025-26_gw_stats.csv,csv,position,
players\Abdoullah_Ba_477851\2025-26_gw_stats.csv,csv,position,
players\Abdukodir_Khusanov_578153\2025-26_gw_stats.csv,csv,position,
players\Adam_Armstrong_155511\2025-26_gw_stats.csv,csv,position,
players\Adam_Aznou_499300\2025-26_gw_stats.csv,csv,position,
players\Adam_Smith_54469\2025-26_gw_stats.csv,csv,position,
players\Adam_Webster_110735\2025-26_gw_stats.csv,csv,position,
players\Adam_Wharton_496221\2025-26_gw_stats.csv,csv,position,
players\Adama_Traoré_Diarra_159533\2025-26_gw_stats.csv,csv,position,
players\Adrian_Mazilu_550141\2025-26_gw_stats.csv,csv,position,
players\Adrien_Truffert_494521\2025-26_gw_stats.csv,csv,position,
players\Ahmed_Abdullahi_611975\2025-26_gw_stats.csv,csv,position,
players\Airidas_Golambeckis_643473\2025-26_gw_stats.csv,csv,position,
players\Aji_Alese_220684\2025-26_gw_stats.csv,csv,position,
players\Alan_Browne_171422\2025-26_gw_stats.csv,csv,position,
players\Albert_Sambi_Lokonga_437742\2025-26_gw_stats.csv,csv,position,
players\Alejandro_Garnacho_Ferreyra_493105\2025-26_gw_stats.csv,csv,position,
players\Alex_Cairns_97846\2025-26_gw_stats.csv,csv,position,
players\Alex_Iwobi_153133\2025-26_gw_stats.csv,csv,position,
players\Alex_Murphy_545477\2025-26_gw_stats.csv,csv,position,
players\Alex_Paulsen_495145\2025-26_gw_stats.csv,csv,position,
players\Alex_Scott_503139\2025-26_gw_stats.csv,csv,position,
players\Alex_Tóth_614574\2025-26_gw_stats.csv,csv,position,
players\Alexander_Isak_219168\2025-26_gw_stats.csv,csv,position,
players\Alexis_Mac_Allister_243016\2025-26_gw_stats.csv,csv,position,
players\Alfie_Brooks_491460\2025-26_gw_stats.csv,csv,position,
players\Alfie_Cresswell_592740\2025-26_gw_stats.csv,csv,position,
players\Alfie_McNally_505079\2025-26_gw_stats.csv,csv,position,
players\Alfie_Pond_517179\2025-26_gw_stats.csv,csv,position,
players\Alisson_Becker_116535\2025-26_gw_stats.csv,csv,position,
players\Alphonse_Areola_84182\2025-26_gw_stats.csv,csv,position,
players\Altay_Bayındır_451302\2025-26_gw_stats.csv,csv,position,
players\Alysson_Edward_Franco_da_Rocha_dos_Santos_653481\2025-26_gw_stats.csv,csv,position,
players\Amad_Diallo_493250\2025-26_gw_stats.csv,csv,position,
players\Amadou_Onana_449871\2025-26_gw_stats.csv,csv,position,
players\Amara_Nallo_611926\2025-26_gw_stats.csv,csv,position,
players\Amine_Adli_489888\2025-26_gw_stats.csv,csv,position,
players\Andre_Harriman-Annous_646243\2025-26_gw_stats.csv,csv,position,
players\Andreas_Hoelgebaum_Pereira_156689\2025-26_gw_stats.csv,csv,position,
players\Andrew_Moran_513834\2025-26_gw_stats.csv,csv,position,
players\Andrew_Robertson_122798\2025-26_gw_stats.csv,csv,position,
players\Andrey_Nascimento_dos_Santos_532605\2025-26_gw_stats.csv,csv,position,
players\André_Onana_202641\2025-26_gw_stats.csv,csv,position,
players\André_Trindade_da_Costa_Neto_509291\2025-26_gw_stats.csv,csv,position,
players\Andrés_García_606798\2025-26_gw_stats.csv,csv,position,
players\Andy_Irving_229384\2025-26_gw_stats.csv,csv,position,
players\Angel_Gomes_209041\2025-26_gw_stats.csv,csv,position,
players\Angus_Gunn_107265\2025-26_gw_stats.csv,csv,position,
players\Anthony_Elanga_449434\2025-26_gw_stats.csv,csv,position,
players\Anthony_Gordon_232826\2025-26_gw_stats.csv,csv,position,
players\Anthony_Patterson_232571\2025-26_gw_stats.csv,csv,position,
players\Antoine_Semenyo_437730\2025-26_gw_stats.csv,csv,position,
players\Anton_Stach_466525\2025-26_gw_stats.csv,csv,position,
players\Antonee_Robinson_169528\2025-26_gw_stats.csv,csv,position,
players\Antoni_Milambo_543295\2025-26_gw_stats.csv,csv,position,
players\Antony_dos_Santos_467169\2025-26_gw_stats.csv,csv,position,
players\Antonín_Kinský_485055\2025-26_gw_stats.csv,csv,position,
players\Antoñito_Cordero_Campillo_640108\2025-26_gw_stats.csv,csv,position,
players\Archie_Gray_547701\2025-26_gw_stats.csv,csv,position,
players\Archie_Whitehall_568159\2025-26_gw_stats.csv,csv,position,
players\Armando_Broja_440323\2025-26_gw_stats.csv,csv,position,
players\Arnaud_Kalimuendo_465680\2025-26_gw_stats.csv,csv,position,
players\Arthur_Masuaku_105717\2025-26_gw_stats.csv,csv,position,
players\Asher_Agbinone_579075\2025-26_gw_stats.csv,csv,position,
players\Ashley_Barnes_44699\2025-26_gw_stats.csv,csv,position,
players\Ashley_Phillips_548308\2025-26_gw_stats.csv,csv,position,
players\Axel_Disasi_220362\2025-26_gw_stats.csv,csv,position,
players\Axel_Tuanzebe_180804\2025-26_gw_stats.csv,csv,position,
players\Ayden_Heaven_606745\2025-26_gw_stats.csv,csv,position,
players\Bafodé_Diakité_242882\2025-26_gw_stats.csv,csv,position,
players\Bart_Verbruggen_489639\2025-26_gw_stats.csv,csv,position,
players\Bashir_Humphreys_461188\2025-26_gw_stats.csv,csv,position,
players\Bastien_Meupiyou_Menadjou_560248\2025-26_gw_stats.csv,csv,position,
players\Ben_Broggio_577731\2025-26_gw_stats.csv,csv,position,
players\Ben_Casey_631106\2025-26_gw_stats.csv,csv,position,
players\Ben_Davies_115556\2025-26_gw_stats.csv,csv,position,
players\Ben_Gannon-Doak_496208\2025-26_gw_stats.csv,csv,position,
players\Ben_Winterburn_606775\2025-26_gw_stats.csv,csv,position,
players\Bendito_Mantato_576620\2025-26_gw_stats.csv,csv,position,
players\Benjamin_Arthur_622536\2025-26_gw_stats.csv,csv,position,
players\Benjamin_Fredrick_612534\2025-26_gw_stats.csv,csv,position,
players\Benjamin_Lecomte_86873\2025-26_gw_stats.csv,csv,position,
players\Benjamin_Sesko_485711\2025-26_gw_stats.csv,csv,position,
players\Benjamin_White_198869\2025-26_gw_stats.csv,csv,position,
players\Benoît_Badiashile_Mukinayi_242880\2025-26_gw_stats.csv,csv,position,
players\Bernardo_Mota_Veiga_de_Carvalho_e_Silva_165809\2025-26_gw_stats.csv,csv,position,
players\Bernd_Leno_80201\2025-26_gw_stats.csv,csv,position,
players\Bertrand_Traoré_110504\2025-26_gw_stats.csv,csv,position,
players\Blondy_Nna_Noukeu_490000\2025-26_gw_stats.csv,csv,position,
players\Borna_Sosa_218364\2025-26_gw_stats.csv,csv,position,
players\Boubacar_Kamara_226944\2025-26_gw_stats.csv,csv,position,
players\Boubacar_Traoré_476502\2025-26_gw_stats.csv,csv,position,
players\Bradley_Burrowes_645618\2025-26_gw_stats.csv,csv,position,
players\Braiden_Graham_629068\2025-26_gw_stats.csv,csv,position,
players\Brajan_Gruda_513433\2025-26_gw_stats.csv,csv,position,
players\Brandon_Austin_214572\2025-26_gw_stats.csv,csv,position,
players\Brayden_Clarke_563324\2025-26_gw_stats.csv,csv,position,
players\Brenden_Aaronson_427637\2025-26_gw_stats.csv,csv,position,
players\Brennan_Johnson_242898\2025-26_gw_stats.csv,csv,position,
players\Brian_Brobbey_441264\2025-26_gw_stats.csv,csv,position,
players\Bruno_Borges_Fernandes_141746\2025-26_gw_stats.csv,csv,position,
players\Bruno_Guimarães_Rodriguez_Moura_208706\2025-26_gw_stats.csv,csv,position,
players\Bryan_Gil_Salvatierra_436234\2025-26_gw_stats.csv,csv,position,
players\Bryan_Mbeumo_446008\2025-26_gw_stats.csv,csv,position,
players\Bukayo_Saka_223340\2025-26_gw_stats.csv,csv,position,
players\Caleb_Kporha_590012\2025-26_gw_stats.csv,csv,position,
players\Callan_McKenna_568791\2025-26_gw_stats.csv,csv,position,
players\Callum_Bates_547801\2025-26_gw_stats.csv,csv,position,
players\Callum_Hudson-Odoi_209046\2025-26_gw_stats.csv,csv,position,
players\Callum_Marshall_565431\2025-26_gw_stats.csv,csv,position,
players\Callum_Olusesi_499726\2025-26_gw_stats.csv,csv,position,
players\Callum_Wilson_75115\2025-26_gw_stats.csv,csv,position,
players\Calvin_Bassey_232892\2025-26_gw_stats.csv,csv,position,
players\Calvin_Ramsay_489580\2025-26_gw_stats.csv,csv,position,
players\Caoimhín_Kelleher_200720\2025-26_gw_stats.csv,csv,position,
players\Carl_Rushworth_472739\2025-26_gw_stats.csv,csv,position,
players\Carlos_Alcaraz_Durán_502697\2025-26_gw_stats.csv,csv,position,
players\Carlos_Baleba_535301\2025-26_gw_stats.csv,csv,position,
players\Carlos_Henrique_Casimiro_61256\2025-26_gw_stats.csv,csv,position,
players\Carlos_Miguel_dos_Santos_Pereira_475123\2025-26_gw_stats.csv,csv,position,
players\Chadi_Riad_Dnanou_515621\2025-26_gw_stats.csv,csv,position,
players\Charalampos_Kostoulas_647850\2025-26_gw_stats.csv,csv,position,
players\Charlie_Crew_536119\2025-26_gw_stats.csv,csv,position,
players\Charlie_Gray_516234\2025-26_gw_stats.csv,csv,position,
players\Charlie_Stevens_658013\2025-26_gw_stats.csv,csv,position,
players\Charlie_Tasker_547720\2025-26_gw_stats.csv,csv,position,
players\Cheick_Doucouré_438464\2025-26_gw_stats.csv,csv,position,
players\Chemsdine_Talbi_549912\2025-26_gw_stats.csv,csv,position,
players\Chido_Obi_596047\2025-26_gw_stats.csv,csv,position,
players\Chris_Mepham_223911\2025-26_gw_stats.csv,csv,position,
players\Chris_Richards_427623\2025-26_gw_stats.csv,csv,position,
players\Chris_Rigg_554197\2025-26_gw_stats.csv,csv,position,
players\Chris_Wood_60689\2025-26_gw_stats.csv,csv,position,
players\Christantus_Uche_660392\2025-26_gw_stats.csv,csv,position,
players\Christian_Nørgaard_128295\2025-26_gw_stats.csv,csv,position,
players\Christopher_Nkunku_213198\2025-26_gw_stats.csv,csv,position,
players\Christos_Mandas_436416\2025-26_gw_stats.csv,csv,position,
players\Claudio_Echeverri_575204\2025-26_gw_stats.csv,csv,position,
players\Coby_Ebere_504296\2025-26_gw_stats.csv,csv,position,
players\Cody_Gakpo_243298\2025-26_gw_stats.csv,csv,position,
players\Cole_Palmer_244851\2025-26_gw_stats.csv,csv,position,
players\Connor_Roberts_192290\2025-26_gw_stats.csv,csv,position,
players\Conor_Bradley_492777\2025-26_gw_stats.csv,csv,position,
players\Conor_Gallagher_232787\2025-26_gw_stats.csv,csv,position,
players\Conor_McManus_587433\2025-26_gw_stats.csv,csv,position,
players\Cristhian_Mosquera_500040\2025-26_gw_stats.csv,csv,position,
players\Cristian_Romero_221632\2025-26_gw_stats.csv,csv,position,
players\Crysencio_Summerville_450070\2025-26_gw_stats.csv,csv,position,
players\Curtis_Jones_206915\2025-26_gw_stats.csv,csv,position,
players\Daichi_Kamada_209400\2025-26_gw_stats.csv,csv,position,
players\Dan_Burn_78916\2025-26_gw_stats.csv,csv,position,
players\Dan_Ndoye_456512\2025-26_gw_stats.csv,csv,position,
players\Dan_Neil_223336\2025-26_gw_stats.csv,csv,position,
players\Dane_Scarlett_490145\2025-26_gw_stats.csv,csv,position,
players\Dango_Ouattara_533463\2025-26_gw_stats.csv,csv,position,
players\Daniel_Adu-Adjei_590760\2025-26_gw_stats.csv,csv,position,
players\Daniel_Ballard_223827\2025-26_gw_stats.csv,csv,position,
players\Daniel_Bentley_79602\2025-26_gw_stats.csv,csv,position,
players\Daniel_James_200617\2025-26_gw_stats.csv,csv,position,
players\Daniel_Muñoz_Mejía_247348\2025-26_gw_stats.csv,csv,position,
players\Danny_Imray_502988\2025-26_gw_stats.csv,csv,position,
players\Danny_Welbeck_50175\2025-26_gw_stats.csv,csv,position,
players\Darko_Churlinov_250735\2025-26_gw_stats.csv,csv,position,
players\Darko_Gyabi_470294\2025-26_gw_stats.csv,csv,position,
players\Darwin_Núñez_Ribeiro_447203\2025-26_gw_stats.csv,csv,position,
players\David_Brooks_111317\2025-26_gw_stats.csv,csv,position,
players\David_Mota_Veiga_Teixeira_do_Carmo_451432\2025-26_gw_stats.csv,csv,position,
players\David_Møller_Wolfe_497949\2025-26_gw_stats.csv,csv,position,
players\David_Ozoh_531989\2025-26_gw_stats.csv,csv,position,
players\David_Raya_Martín_154561\2025-26_gw_stats.csv,csv,position,
players\Dean_Benamar_643426\2025-26_gw_stats.csv,csv,position,
players\Dean_Henderson_172649\2025-26_gw_stats.csv,csv,position,
players\Declan_Rice_204480\2025-26_gw_stats.csv,csv,position,
players\Dejan_Kulusevski_445044\2025-26_gw_stats.csv,csv,position,
players\Dennis_Cirkin_461195\2025-26_gw_stats.csv,csv,position,
players\Dermot_Mee_461537\2025-26_gw_stats.csv,csv,position,
players\Destiny_Udogie_487053\2025-26_gw_stats.csv,csv,position,
players\Diego_Coppola_550090\2025-26_gw_stats.csv,csv,position,
players\Diego_Gómez_Amarilla_514254\2025-26_gw_stats.csv,csv,position,
players\Diego_León_Blanco_661712\2025-26_gw_stats.csv,csv,position,
players\Dilane_Bakwa_476887\2025-26_gw_stats.csv,csv,position,
players\Diogo_Dalot_Teixeira_216051\2025-26_gw_stats.csv,csv,position,
players\Divine_Mukasa_590039\2025-26_gw_stats.csv,csv,position,
players\Djed_Spence_232859\2025-26_gw_stats.csv,csv,position,
players\Djiamgone_Jocelin_Ta_Bi_699989\2025-26_gw_stats.csv,csv,position,
players\Dominic_Calvert-Lewin_177815\2025-26_gw_stats.csv,csv,position,
players\Dominic_Sadi_550596\2025-26_gw_stats.csv,csv,position,
players\Dominic_Solanke-Mitchell_154566\2025-26_gw_stats.csv,csv,position,
players\Dominik_Szoboszlai_424876\2025-26_gw_stats.csv,csv,position,
players\Donyell_Malen_204646\2025-26_gw_stats.csv,csv,position,
players\Douglas_Luiz_Soares_de_Paulo_230046\2025-26_gw_stats.csv,csv,position,
players\Dwight_McNeil_433154\2025-26_gw_stats.csv,csv,position,
players\Dário_Luís_Essugo_491007\2025-26_gw_stats.csv,csv,position,
players\Eberechi_Eze_232413\2025-26_gw_stats.csv,csv,position,
players\Eddie_Nketiah_205533\2025-26_gw_stats.csv,csv,position,
players\Ederson_Santana_de_Moraes_121160\2025-26_gw_stats.csv,csv,position,
players\Edson_Álvarez_Velázquez_213999\2025-26_gw_stats.csv,csv,position,
players\Eiran_Cashin_439135\2025-26_gw_stats.csv,csv,position,
players\El_Hadji_Malick_Diouf_613804\2025-26_gw_stats.csv,csv,position,
players\Eliezer_Mayenda_Dossou_564406\2025-26_gw_stats.csv,csv,position,
players\Elijah_Campbell_491745\2025-26_gw_stats.csv,csv,position,
players\Ellery_Balcombe_235448\2025-26_gw_stats.csv,csv,position,
players\Elliot_Anderson_215379\2025-26_gw_stats.csv,csv,position,
players\Elyh_Harrison_588555\2025-26_gw_stats.csv,csv,position,
players\Emerson_Palmieri_dos_Santos_109533\2025-26_gw_stats.csv,csv,position,
players\Emil_Krafth_111773\2025-26_gw_stats.csv,csv,position,
players\Emile_Smith_Rowe_209289\2025-26_gw_stats.csv,csv,position,
players\Emiliano_Buendía_Stati_195546\2025-26_gw_stats.csv,csv,position,
players\Emiliano_Martínez_Romero_98980\2025-26_gw_stats.csv,csv,position,
players\Emmanuel_Agbadou_516939\2025-26_gw_stats.csv,csv,position,
players\Endo_Wataru_158983\2025-26_gw_stats.csv,csv,position,
players\Enes_Ünal_168636\2025-26_gw_stats.csv,csv,position,
players\Enock_Agyei_578614\2025-26_gw_stats.csv,csv,position,
players\Enso_González_Medina_593001\2025-26_gw_stats.csv,csv,position,
players\Enzo_Barrenechea_491287\2025-26_gw_stats.csv,csv,position,
players\Enzo_Fernández_448047\2025-26_gw_stats.csv,csv,position,
players\Enzo_Le_Fée_484420\2025-26_gw_stats.csv,csv,position,
players\Eric_da_Silva_Moreira_569014\2025-26_gw_stats.csv,csv,position,
players\Erling_Haaland_223094\2025-26_gw_stats.csv,csv,position,
players\Estêvão_Almeida_de_Oliveira_Gonçalves_624773\2025-26_gw_stats.csv,csv,position,
players\Ethan_Ampadu_199598\2025-26_gw_stats.csv,csv,position,
players\Ethan_Nwaneri_499175\2025-26_gw_stats.csv,csv,position,
players\Ethan_Pinnock_231065\2025-26_gw_stats.csv,csv,position,
players\Ethan_Sutherland_589121\2025-26_gw_stats.csv,csv,position,
players\Ethan_Wheatley_575034\2025-26_gw_stats.csv,csv,position,
players\Etienne_Green_489571\2025-26_gw_stats.csv,csv,position,
players\Evan_Ferguson_487117\2025-26_gw_stats.csv,csv,position,
players\Evann_Guessand_485337\2025-26_gw_stats.csv,csv,position,
players\Ezra_Mayers_602903\2025-26_gw_stats.csv,csv,position,
players\Ezri_Konsa_Ngoyo_199798\2025-26_gw_stats.csv,csv,position,
players\Fabian_Schär_119471\2025-26_gw_stats.csv,csv,position,
players\Facundo_Buonanotte_536916\2025-26_gw_stats.csv,csv,position,
players\Federico_Chiesa_223541\2025-26_gw_stats.csv,csv,position,
players\Felipe_Rodrigues_da_Silva_485047\2025-26_gw_stats.csv,csv,position,
players\Fer_López_González_643135\2025-26_gw_stats.csv,csv,position,
players\Ferdi_Kadıoğlu_231416\2025-26_gw_stats.csv,csv,position,
players\Filip_Jörgensen_508479\2025-26_gw_stats.csv,csv,position,
players\Filip_Marschall_462381\2025-26_gw_stats.csv,csv,position,
players\Finlay_Herrick_553742\2025-26_gw_stats.csv,csv,position,
players\Florentino_Ibrain_Morris_Luís_216055\2025-26_gw_stats.csv,csv,position,
players\Florian_Wirtz_494595\2025-26_gw_stats.csv,csv,position,
players\Francisco_Evanilson_de_Lima_Barbosa_444102\2025-26_gw_stats.csv,csv,position,
players\Franco_Umeh-Chibueze_574398\2025-26_gw_stats.csv,csv,position,
players\Frank_Onyeka_428580\2025-26_gw_stats.csv,csv,position,
players\Fraser_Forster_40383\2025-26_gw_stats.csv,csv,position,
players\Freddie_Potts_490142\2025-26_gw_stats.csv,csv,position,
players\Freddie_Simmonds_604988\2025-26_gw_stats.csv,csv,position,
players\Freddie_Woodman_155503\2025-26_gw_stats.csv,csv,position,
players\Fábio_Ferreira_Vieira_438098\2025-26_gw_stats.csv,csv,position,
players\Fábio_Freitas_Gouveia_Carvalho_244858\2025-26_gw_stats.csv,csv,position,
players\Fábio_Soares_Silva_449988\2025-26_gw_stats.csv,csv,position,
players\Gabriel_Fernando_de_Jesus_205651\2025-26_gw_stats.csv,csv,position,
players\Gabriel_Gudmundsson_243526\2025-26_gw_stats.csv,csv,position,
players\Gabriel_Martinelli_Silva_444145\2025-26_gw_stats.csv,csv,position,
players\Gabriel_Słonina_471798\2025-26_gw_stats.csv,csv,position,
players\Gabriel_dos_Santos_Magalhães_226597\2025-26_gw_stats.csv,csv,position,
players\Garang_Kuol_564510\2025-26_gw_stats.csv,csv,position,
players\George_Brierley_704232\2025-26_gw_stats.csv,csv,position,
players\George_Earthy_490885\2025-26_gw_stats.csv,csv,position,
players\George_Hemmings_577285\2025-26_gw_stats.csv,csv,position,
players\George_King_591384\2025-26_gw_stats.csv,csv,position,
players\Georginio_Rutter_463067\2025-26_gw_stats.csv,csv,position,
players\Gianluigi_Donnarumma_204936\2025-26_gw_stats.csv,csv,position,
players\Giorgi_Mamardashvili_449027\2025-26_gw_stats.csv,csv,position,
players\Giovanni_Leoni_647681\2025-26_gw_stats.csv,csv,position,
players\Godwill_Kukonki_576637\2025-26_gw_stats.csv,csv,position,
players\Gonçalo_Manuel_Ganchinho_Guedes_181284\2025-26_gw_stats.csv,csv,position,
players\Granit_Xhaka_84450\2025-26_gw_stats.csv,csv,position,
players\Guglielmo_Vicario_184254\2025-26_gw_stats.csv,csv,position,
players\Guido_Rodríguez_197024\2025-26_gw_stats.csv,csv,position,
players\Gustavo_Nunes_Fernandes_Gomes_626464\2025-26_gw_stats.csv,csv,position,
players\Habib_Diarra_547027\2025-26_gw_stats.csv,csv,position,
players\Hamed_Traorè_424044\2025-26_gw_stats.csv,csv,position,
players\Hannes_Delcroix_247245\2025-26_gw_stats.csv,csv,position,
players\Hannibal_Mejbri_465527\2025-26_gw_stats.csv,csv,position,
players\Harrison_Armstrong_609873\2025-26_gw_stats.csv,csv,position,
players\Harrison_Ashby_441024\2025-26_gw_stats.csv,csv,position,
players\Harrison_Jones_547410\2025-26_gw_stats.csv,csv,position,
players\Harrison_Reed_153366\2025-26_gw_stats.csv,csv,position,
players\Harry_Amass_577974\2025-26_gw_stats.csv,csv,position,
players\Harry_Gray_600882\2025-26_gw_stats.csv,csv,position,
players\Harry_Howell_597320\2025-26_gw_stats.csv,csv,position,
players\Harry_Maguire_95658\2025-26_gw_stats.csv,csv,position,
players\Harry_Tyrer_447325\2025-26_gw_stats.csv,csv,position,
players\Harry_Wilson_153682\2025-26_gw_stats.csv,csv,position,
players\Harvey_Barnes_201666\2025-26_gw_stats.csv,csv,position,
players\Harvey_Elliott_444884\2025-26_gw_stats.csv,csv,position,
players\Hjalmar_Ekdal_478969\2025-26_gw_stats.csv,csv,position,
players\Hugo_Bueno_López_490721\2025-26_gw_stats.csv,csv,position,
players\Hugo_Ekitiké_510663\2025-26_gw_stats.csv,csv,position,
players\Hwang_Hee-chan_184754\2025-26_gw_stats.csv,csv,position,
players\Hákon_Rafn_Valdimarsson_507433\2025-26_gw_stats.csv,csv,position,
players\Ian_Maatsen_441302\2025-26_gw_stats.csv,csv,position,
players\Ian_Poveda-Ocampo_215460\2025-26_gw_stats.csv,csv,position,
players\Ibrahim_Sangaré_210462\2025-26_gw_stats.csv,csv,position,
players\Ibrahima_Konaté_204716\2025-26_gw_stats.csv,csv,position,
players\Idrissa_Gana_Gueye_80801\2025-26_gw_stats.csv,csv,position,
players\Igor_Jesus_Maciel_da_Cruz_482973\2025-26_gw_stats.csv,csv,position,
players\Igor_Julio_dos_Santos_de_Paulo_223434\2025-26_gw_stats.csv,csv,position,
players\Igor_Thiago_Nascimento_Rodrigues_502500\2025-26_gw_stats.csv,csv,position,
players\Ilia_Gruev_486520\2025-26_gw_stats.csv,csv,position,
players\Iliman_Ndiaye_440993\2025-26_gw_stats.csv,csv,position,
players\Illan_Meslier_437495\2025-26_gw_stats.csv,csv,position,
players\Illia_Zabarnyi_477580\2025-26_gw_stats.csv,csv,position,
players\Isaac_Hayden_153127\2025-26_gw_stats.csv,csv,position,
players\Isaac_Heath_496279\2025-26_gw_stats.csv,csv,position,
players\Isaac_Schmidt_492368\2025-26_gw_stats.csv,csv,position,
players\Ismaïla_Sarr_232185\2025-26_gw_stats.csv,csv,position,
players\Ismeal_Kabia_588796\2025-26_gw_stats.csv,csv,position,
players\Issa_Diop_219924\2025-26_gw_stats.csv,csv,position,
players\Iwan_Morgan_533710\2025-26_gw_stats.csv,csv,position,
players\Jack_Fletcher_547037\2025-26_gw_stats.csv,csv,position,
players\Jack_Grealish_114283\2025-26_gw_stats.csv,csv,position,
players\Jack_Harrison_221399\2025-26_gw_stats.csv,csv,position,
players\Jack_Hinshelwood_532529\2025-26_gw_stats.csv,csv,position,
players\Jack_Moorhouse_559684\2025-26_gw_stats.csv,csv,position,
players\Jack_Whittaker_570929\2025-26_gw_stats.csv,csv,position,
players\Jackson_Tchatchoua_523705\2025-26_gw_stats.csv,csv,position,
players\Jacob_Bruun_Larsen_179458\2025-26_gw_stats.csv,csv,position,
players\Jacob_Murphy_114243\2025-26_gw_stats.csv,csv,position,
players\Jacob_Ramsey_232653\2025-26_gw_stats.csv,csv,position,
players\Jacob_Slater_589100\2025-26_gw_stats.csv,csv,position,
players\Jadon_Sancho_209243\2025-26_gw_stats.csv,csv,position,
players\Jaidon_Anthony_444180\2025-26_gw_stats.csv,csv,position,
players\Jair_Paula_da_Cunha_Filho_575458\2025-26_gw_stats.csv,csv,position,
players\Jaka_Bijol_434752\2025-26_gw_stats.csv,csv,position,
players\Jake_OBrien_512462\2025-26_gw_stats.csv,csv,position,
players\Jakub_Kiwior_440854\2025-26_gw_stats.csv,csv,position,
players\Jamaal_Lascelles_101148\2025-26_gw_stats.csv,csv,position,
players\Jamaldeen_Jimoh-Aloba_559962\2025-26_gw_stats.csv,csv,position,
players\James_Garner_232928\2025-26_gw_stats.csv,csv,position,
players\James_Hill_463981\2025-26_gw_stats.csv,csv,position,
players\James_Justin_220627\2025-26_gw_stats.csv,csv,position,
players\James_Maddison_172780\2025-26_gw_stats.csv,csv,position,
players\James_McAtee_432714\2025-26_gw_stats.csv,csv,position,
players\James_McConnell_491501\2025-26_gw_stats.csv,csv,position,
players\James_Milner_15157\2025-26_gw_stats.csv,csv,position,
players\James_Rowswell_499716\2025-26_gw_stats.csv,csv,position,
players\James_Tarkowski_17761\2025-26_gw_stats.csv,csv,position,
players\James_Trafford_432720\2025-26_gw_stats.csv,csv,position,
players\James_Ward-Prowse_101178\2025-26_gw_stats.csv,csv,position,
players\James_Wilson_613232\2025-26_gw_stats.csv,csv,position,
players\James_Wright_481283\2025-26_gw_stats.csv,csv,position,
players\Jamie_Bynoe-Gittens_463936\2025-26_gw_stats.csv,csv,position,
players\Jan_Paul_van_Hecke_469142\2025-26_gw_stats.csv,csv,position,
players\Jarrad_Branthwaite_480455\2025-26_gw_stats.csv,csv,position,
players\Jarrod_Bowen_178186\2025-26_gw_stats.csv,csv,position,
players\Jason_Steele_49262\2025-26_gw_stats.csv,csv,position,
players\Jay_Matete_493837\2025-26_gw_stats.csv,csv,position,
players\Jayce_Fitzgerald_556639\2025-26_gw_stats.csv,csv,position,
players\Jaydee_Canvot_651426\2025-26_gw_stats.csv,csv,position,
players\Jayden_Bogle_226182\2025-26_gw_stats.csv,csv,position,
players\Jayden_Danns_500058\2025-26_gw_stats.csv,csv,position,
players\Jayden_Lienou_643970\2025-26_gw_stats.csv,csv,position,
players\Jayden_Meghoma_499717\2025-26_gw_stats.csv,csv,position,
players\Jaydon_Banel_551206\2025-26_gw_stats.csv,csv,position,
players\Jaydon_Jones_571087\2025-26_gw_stats.csv,csv,position,
players\Jean-Clair_Todibo_462116\2025-26_gw_stats.csv,csv,position,
players\Jean-Philippe_Mateta_231747\2025-26_gw_stats.csv,csv,position,
players\Jean-Ricner_Bellegarde_231057\2025-26_gw_stats.csv,csv,position,
players\Jefferson_Lerma_Solís_152551\2025-26_gw_stats.csv,csv,position,
players\Jenson_Jones_232356\2025-26_gw_stats.csv,csv,position,
players\Jenson_Metcalfe_491557\2025-26_gw_stats.csv,csv,position,
players\Jenson_Seelt_519634\2025-26_gw_stats.csv,csv,position,
players\Jeremie_Frimpong_216094\2025-26_gw_stats.csv,csv,position,
players\Jeremy_Sarmiento_Morante_441192\2025-26_gw_stats.csv,csv,position,
players\Jerome_Abbey_685628\2025-26_gw_stats.csv,csv,position,
players\Jesse_Derry_619734\2025-26_gw_stats.csv,csv,position,
players\Jesurun_Rak-Sakyi_450542\2025-26_gw_stats.csv,csv,position,
players\Jhon_Arias_230376\2025-26_gw_stats.csv,csv,position,
players\Jim_Thwaites_576634\2025-26_gw_stats.csv,csv,position,
players\Jimmy_Sinclair_590040\2025-26_gw_stats.csv,csv,position,
players\Joachim_Andersen_174874\2025-26_gw_stats.csv,csv,position,
players\Joe_Anderson_232820\2025-26_gw_stats.csv,csv,position,
players\Joe_Gauci_462492\2025-26_gw_stats.csv,csv,position,
players\Joe_Gelhardt_462635\2025-26_gw_stats.csv,csv,position,
players\Joe_Gomez_171287\2025-26_gw_stats.csv,csv,position,
players\Joe_Hodge_240299\2025-26_gw_stats.csv,csv,position,
players\Joe_Knight_567121\2025-26_gw_stats.csv,csv,position,
players\Joe_Rodon_214225\2025-26_gw_stats.csv,csv,position,
players\Joe_White_461484\2025-26_gw_stats.csv,csv,position,
players\Joe_Willock_200089\2025-26_gw_stats.csv,csv,position,
players\Joe_Worrall_208912\2025-26_gw_stats.csv,csv,position,
players\Joelinton_Cássio_Apolinário_de_Lira_180974\2025-26_gw_stats.csv,csv,position,
players\John_McGinn_122806\2025-26_gw_stats.csv,csv,position,
players\John_Ruddy_19236\2025-26_gw_stats.csv,csv,position,
players\John_Stones_97299\2025-26_gw_stats.csv,csv,position,
players\John_Victor_Maciel_Furtado_221389\2025-26_gw_stats.csv,csv,position,
players\Jonah_Kusi-Asare_631786\2025-26_gw_stats.csv,csv,position,
players\Jordan_Beyer_241231\2025-26_gw_stats.csv,csv,position,
players\Jordan_Henderson_56979\2025-26_gw_stats.csv,csv,position,
players\Jordan_Pickford_111234\2025-26_gw_stats.csv,csv,position,
players\Jorge_Cuenca_Barreno_246301\2025-26_gw_stats.csv,csv,position,
players\Jorrel_Hato_551210\2025-26_gw_stats.csv,csv,position,
players\Josh_Acheampong_577016\2025-26_gw_stats.csv,csv,position,
players\Josh_Cullen_172567\2025-26_gw_stats.csv,csv,position,
players\Josh_Dasilva_183656\2025-26_gw_stats.csv,csv,position,
players\Josh_Gracey_627888\2025-26_gw_stats.csv,csv,position,
players\Josh_King_577725\2025-26_gw_stats.csv,csv,position,
players\Josh_Laurent_167887\2025-26_gw_stats.csv,csv,position,
players\Josh_Nichols_499167\2025-26_gw_stats.csv,csv,position,
players\Joshua_Stephenson_649240\2025-26_gw_stats.csv,csv,position,
players\Joshua_Zirkzee_458249\2025-26_gw_stats.csv,csv,position,
players\José_Malheiro_de_Sá_149065\2025-26_gw_stats.csv,csv,position,
players\João_Maria_Lobo_Alves_Palhares_Costa_Palhinha_Gonçalves_154296\2025-26_gw_stats.csv,csv,position,
players\João_Pedro_Ferreira_da_Silva_510500\2025-26_gw_stats.csv,csv,position,
players\João_Pedro_Junqueira_de_Jesus_475168\2025-26_gw_stats.csv,csv,position,
players\João_Victor_Gomes_da_Silva_448089\2025-26_gw_stats.csv,csv,position,
players\João_Victor_de_Souza_Menezes_616221\2025-26_gw_stats.csv,csv,position,
players\Joél_Drakes-Thomas_672492\2025-26_gw_stats.csv,csv,position,
players\Joël_Piroe_235826\2025-26_gw_stats.csv,csv,position,
players\Joël_Veltman_111478\2025-26_gw_stats.csv,csv,position,
players\Joško_Gvardiol_477424\2025-26_gw_stats.csv,csv,position,
players\Julian_Eyestone_535017\2025-26_gw_stats.csv,csv,position,
players\Julio_Enciso_Espínola_474120\2025-26_gw_stats.csv,csv,position,
players\Julio_Soler_Barreto_575901\2025-26_gw_stats.csv,csv,position,
players\Julián_Araujo_Zúñiga_436893\2025-26_gw_stats.csv,csv,position,
players\Junai_Byfield_640419\2025-26_gw_stats.csv,csv,position,
players\Junior_Kroupi_560262\2025-26_gw_stats.csv,csv,position,
players\Jurriën_Timber_445122\2025-26_gw_stats.csv,csv,position,
players\Justin_Devenny_489706\2025-26_gw_stats.csv,csv,position,
players\Justin_Kluivert_222683\2025-26_gw_stats.csv,csv,position,
players\Jérémy_Doku_248875\2025-26_gw_stats.csv,csv,position,
players\Jørgen_Strand_Larsen_247412\2025-26_gw_stats.csv,csv,position,
players\Kadan_Young_537403\2025-26_gw_stats.csv,csv,position,
players\Kaden_Rodney_530318\2025-26_gw_stats.csv,csv,position,
players\Kaelan_Casey_518438\2025-26_gw_stats.csv,csv,position,
players\Kai_Havertz_219847\2025-26_gw_stats.csv,csv,position,
players\Kalvin_Phillips_155405\2025-26_gw_stats.csv,csv,position,
players\Karl_Darlow_59735\2025-26_gw_stats.csv,csv,position,
players\Karl_Hein_463748\2025-26_gw_stats.csv,csv,position,
players\Kaye_Furo_593174\2025-26_gw_stats.csv,csv,position,
players\Keane_Lewis-Potter_249231\2025-26_gw_stats.csv,csv,position,
players\Keiber_Lamadrid_572702\2025-26_gw_stats.csv,csv,position,
players\Kendry_Páez_Andrade_611134\2025-26_gw_stats.csv,csv,position,
players\Kenny_Tete_167074\2025-26_gw_stats.csv,csv,position,
players\Kepa_Arrizabalaga_Revuelta_109745\2025-26_gw_stats.csv,csv,position,
players\Kevin_Danso_135720\2025-26_gw_stats.csv,csv,position,
players\Kevin_Santos_Lopes_de_Macedo_560552\2025-26_gw_stats.csv,csv,position,
players\Kevin_Schade_513418\2025-26_gw_stats.csv,csv,position,
players\Ki-Jana_Hoever_441271\2025-26_gw_stats.csv,csv,position,
players\Kian_McMahon-Brown_644593\2025-26_gw_stats.csv,csv,position,
players\Kieran_Morrison_596042\2025-26_gw_stats.csv,csv,position,
players\Kieran_Trippier_77794\2025-26_gw_stats.csv,csv,position,
players\Kiernan_Dewsbury-Hall_215413\2025-26_gw_stats.csv,csv,position,
players\Kim_Ji-soo_570241\2025-26_gw_stats.csv,csv,position,
players\Kjell_Scherpen_240514\2025-26_gw_stats.csv,csv,position,
players\Kobbie_Mainoo_516895\2025-26_gw_stats.csv,csv,position,
players\Konstantinos_Mavropanos_233963\2025-26_gw_stats.csv,csv,position,
players\Konstantinos_Tsimikas_214285\2025-26_gw_stats.csv,csv,position,
players\Kristoffer_Ajer_191866\2025-26_gw_stats.csv,csv,position,
players\Krisztián_Hegyi_483364\2025-26_gw_stats.csv,csv,position,
players\Kyle_Walker-Peters_158534\2025-26_gw_stats.csv,csv,position,
players\Kyle_Walker_58621\2025-26_gw_stats.csv,csv,position,
players\Ladislav_Krejcí_431248\2025-26_gw_stats.csv,csv,position,
players\Lamare_Bogarde_515597\2025-26_gw_stats.csv,csv,position,
players\Lamin_Sillah_687076\2025-26_gw_stats.csv,csv,position,
players\Landon_Emenalo_611912\2025-26_gw_stats.csv,csv,position,
players\Largie_Ramazani_433952\2025-26_gw_stats.csv,csv,position,
players\Leander_Dendoncker_151589\2025-26_gw_stats.csv,csv,position,
players\Leandro_Trossard_116216\2025-26_gw_stats.csv,csv,position,
players\Leny_Yoro_550864\2025-26_gw_stats.csv,csv,position,
players\Leo_Fuhr_Hjelde_477547\2025-26_gw_stats.csv,csv,position,
players\Leo_Shahar_553746\2025-26_gw_stats.csv,csv,position,
players\Leon_Bailey_215711\2025-26_gw_stats.csv,csv,position,
players\Leon_Chiwome_589507\2025-26_gw_stats.csv,csv,position,
players\Leon_Routh_664015\2025-26_gw_stats.csv,csv,position,
players\Lesley_Ugochukwu_503714\2025-26_gw_stats.csv,csv,position,
players\Levi_Samuels_Colwill_460028\2025-26_gw_stats.csv,csv,position,
players\Lewis_Cook_155408\2025-26_gw_stats.csv,csv,position,
players\Lewis_Dobbin_461421\2025-26_gw_stats.csv,csv,position,
players\Lewis_Dunk_83299\2025-26_gw_stats.csv,csv,position,
players\Lewis_Hall_487838\2025-26_gw_stats.csv,csv,position,
players\Lewis_Miley_547719\2025-26_gw_stats.csv,csv,position,
players\Lewis_OBrien_243345\2025-26_gw_stats.csv,csv,position,
players\Lewis_Orford_518442\2025-26_gw_stats.csv,csv,position,
players\Liam_Delap_463034\2025-26_gw_stats.csv,csv,position,
players\Lino_da_Cruz_Sousa_514315\2025-26_gw_stats.csv,csv,position,
players\Lisandro_Martínez_221820\2025-26_gw_stats.csv,csv,position,
players\Lorenzo_Lucca_469130\2025-26_gw_stats.csv,csv,position,
players\Loum_Tchaouna_469272\2025-26_gw_stats.csv,csv,position,
players\Luca_Koleosho_487702\2025-26_gw_stats.csv,csv,position,
players\Luca_Netz_470315\2025-26_gw_stats.csv,csv,position,
players\Lucas_Bergvall_570526\2025-26_gw_stats.csv,csv,position,
players\Lucas_Digne_101188\2025-26_gw_stats.csv,csv,position,
players\Lucas_Estella_Perri_201595\2025-26_gw_stats.csv,csv,position,
players\Lucas_Pires_Silva_549329\2025-26_gw_stats.csv,csv,position,
players\Lucas_Tolentino_Coelho_de_Lima_224024\2025-26_gw_stats.csv,csv,position,
players\Lucá_Williams-Barnett_611917\2025-26_gw_stats.csv,csv,position,
players\Luis_Díaz_Marulanda_244731\2025-26_gw_stats.csv,csv,position,
players\Luis_Eduardo_Soares_da_Silva_560441\2025-26_gw_stats.csv,csv,position,
players\Luis_Guilherme_Lira_dos_Santos_577114\2025-26_gw_stats.csv,csv,position,
players\Luis_Sinisterra_Lucumí_224995\2025-26_gw_stats.csv,csv,position,
players\Luka_Bentt_559610\2025-26_gw_stats.csv,csv,position,
players\Luka_Vušković_610799\2025-26_gw_stats.csv,csv,position,
players\Lukas_Nmecha_174594\2025-26_gw_stats.csv,csv,position,
players\Lukasz_Fabianski_37096\2025-26_gw_stats.csv,csv,position,
players\Luke_Harris_515024\2025-26_gw_stats.csv,csv,position,
players\Luke_ONien_167512\2025-26_gw_stats.csv,csv,position,
players\Luke_Rawlings_605319\2025-26_gw_stats.csv,csv,position,
players\Luke_Shaw_106760\2025-26_gw_stats.csv,csv,position,
players\Lutsharel_Geertruida_247955\2025-26_gw_stats.csv,csv,position,
players\Luís_Hemir_Silva_Semedo_551153\2025-26_gw_stats.csv,csv,position,
players\Lyle_Foster_435973\2025-26_gw_stats.csv,csv,position,
players\Mads_Hermansen_467189\2025-26_gw_stats.csv,csv,position,
players\Mads_Roerslev_Rasmussen_226956\2025-26_gw_stats.csv,csv,position,
players\Malcolm_Ebiowei_450535\2025-26_gw_stats.csv,csv,position,
players\Malcom_DaCosta_678552\2025-26_gw_stats.csv,csv,position,
players\Maldini_Kacurri_588793\2025-26_gw_stats.csv,csv,position,
players\Malick_Thiaw_465642\2025-26_gw_stats.csv,csv,position,
players\Malick_Yalcouyé_611695\2025-26_gw_stats.csv,csv,position,
players\Malo_Gusto_482609\2025-26_gw_stats.csv,csv,position,
players\Mamadou_Sarr_574458\2025-26_gw_stats.csv,csv,position,
players\Manor_Solomon_235674\2025-26_gw_stats.csv,csv,position,
players\Manuel_Akanji_211975\2025-26_gw_stats.csv,csv,position,
players\Manuel_Benson_Hedilazio_183751\2025-26_gw_stats.csv,csv,position,
players\Manuel_Ugarte_Ribeiro_232112\2025-26_gw_stats.csv,csv,position,
players\Marc_Cucurella_Saseta_179268\2025-26_gw_stats.csv,csv,position,
players\Marc_Guiu_Paz_499309\2025-26_gw_stats.csv,csv,position,
players\Marc_Guéhi_209036\2025-26_gw_stats.csv,csv,position,
players\Marco_Bizot_72147\2025-26_gw_stats.csv,csv,position,
players\Marcos_Senesi_Barón_221466\2025-26_gw_stats.csv,csv,position,
players\Marcus_Bettinelli_122074\2025-26_gw_stats.csv,csv,position,
players\Marcus_Edwards_174592\2025-26_gw_stats.csv,csv,position,
players\Marcus_Rashford_176297\2025-26_gw_stats.csv,csv,position,
players\Marcus_Tavernier_201658\2025-26_gw_stats.csv,csv,position,
players\Mark_Gillespie_81441\2025-26_gw_stats.csv,csv,position,
players\Mark_Travers_229600\2025-26_gw_stats.csv,csv,position,
players\Marko_Stamenić_495161\2025-26_gw_stats.csv,csv,position,
players\Marli_Salmon_616065\2025-26_gw_stats.csv,csv,position,
players\Marshall_Munetsi_433312\2025-26_gw_stats.csv,csv,position,
players\Martial_Godo_573062\2025-26_gw_stats.csv,csv,position,
players\Martin_Dúbravka_67089\2025-26_gw_stats.csv,csv,position,
players\Martin_Sherif_536241\2025-26_gw_stats.csv,csv,position,
players\Martin_Ødegaard_184029\2025-26_gw_stats.csv,csv,position,
players\Martín_Zubimendi_Ibáñez_481655\2025-26_gw_stats.csv,csv,position,
players\Mason_Mount_184341\2025-26_gw_stats.csv,csv,position,
players\Matai_Akinmboni_541462\2025-26_gw_stats.csv,csv,position,
players\Mateo_Joseph_Fernández-Regatillo_565297\2025-26_gw_stats.csv,csv,position,
players\Mateo_Kovačić_91651\2025-26_gw_stats.csv,csv,position,
players\Mateus_Gonçalo_Espanha_Fernandes_551226\2025-26_gw_stats.csv,csv,position,
players\Mateus_Mané_647671\2025-26_gw_stats.csv,csv,position,
players\Matheus_França_de_Oliveira_536694\2025-26_gw_stats.csv,csv,position,
players\Matheus_Nunes_465351\2025-26_gw_stats.csv,csv,position,
players\Matheus_Santos_Carneiro_da_Cunha_430871\2025-26_gw_stats.csv,csv,position,
players\Mathias_Jensen_207283\2025-26_gw_stats.csv,csv,position,
players\Mathis_Eboué_671606\2025-26_gw_stats.csv,csv,position,
players\Mathys_Tel_511499\2025-26_gw_stats.csv,csv,position,
players\Mats_Wieffer_467779\2025-26_gw_stats.csv,csv,position,
players\Matt_Doherty_87835\2025-26_gw_stats.csv,csv,position,
players\Matt_ORiley_219249\2025-26_gw_stats.csv,csv,position,
players\Matt_Targett_169359\2025-26_gw_stats.csv,csv,position,
players\Matt_Turner_224068\2025-26_gw_stats.csv,csv,position,
players\Matthew_Cox_503300\2025-26_gw_stats.csv,csv,position,
players\Matthijs_de_Ligt_209365\2025-26_gw_stats.csv,csv,position,
players\Matty_Cash_199796\2025-26_gw_stats.csv,csv,position,
players\Matz_Sels_85633\2025-26_gw_stats.csv,csv,position,
players\Max_Alleyne_494307\2025-26_gw_stats.csv,csv,position,
players\Max_Dowman_616077\2025-26_gw_stats.csv,csv,position,
players\Max_Merrick_518335\2025-26_gw_stats.csv,csv,position,
players\Max_Weiß_518030\2025-26_gw_stats.csv,csv,position,
players\Maxence_Lacroix_437499\2025-26_gw_stats.csv,csv,position,
players\Maxim_De_Cuyper_465730\2025-26_gw_stats.csv,csv,position,
players\Maxime_Estève_477717\2025-26_gw_stats.csv,csv,position,
players\Maximilian_Kilman_214048\2025-26_gw_stats.csv,csv,position,
players\Maxwel_Cornet_149519\2025-26_gw_stats.csv,csv,position,
players\Melker_Ellborg_515046\2025-26_gw_stats.csv,csv,position,
players\Merlin_Röhl_513466\2025-26_gw_stats.csv,csv,position,
players\Michael_Kayode_607464\2025-26_gw_stats.csv,csv,position,
players\Michael_Keane_106611\2025-26_gw_stats.csv,csv,position,
players\Michael_Obafemi_220598\2025-26_gw_stats.csv,csv,position,
players\Micky_van_de_Ven_491279\2025-26_gw_stats.csv,csv,position,
players\Mike_Penders_549939\2025-26_gw_stats.csv,csv,position,
players\Mike_Trésor_Ndayishimiye_437748\2025-26_gw_stats.csv,csv,position,
players\Mikel_Merino_Zazón_195384\2025-26_gw_stats.csv,csv,position,
players\Mikey_Moore_499721\2025-26_gw_stats.csv,csv,position,
players\Mikkel_Damsgaard_440089\2025-26_gw_stats.csv,csv,position,
players\Milan_Aleksić_626844\2025-26_gw_stats.csv,csv,position,
players\Milos_Kerkez_544877\2025-26_gw_stats.csv,csv,position,
players\Miodrag_Pivaš_578512\2025-26_gw_stats.csv,csv,position,
players\Mitoma_Kaoru_451340\2025-26_gw_stats.csv,csv,position,
players\Mohamadou_Kanté_630699\2025-26_gw_stats.csv,csv,position,
players\Mohamed_Salah_118748\2025-26_gw_stats.csv,csv,position,
players\Mohammed_Kudus_460842\2025-26_gw_stats.csv,csv,position,
players\Moisés_Caicedo_Corozo_486672\2025-26_gw_stats.csv,csv,position,
players\Morgan_Gibbs-White_222531\2025-26_gw_stats.csv,csv,position,
players\Morgan_Rogers_244850\2025-26_gw_stats.csv,csv,position,
players\Murillo_Costa_dos_Santos_575476\2025-26_gw_stats.csv,csv,position,
players\Mykhailo_Mudryk_465920\2025-26_gw_stats.csv,csv,position,
players\Myles_Lewis-Skelly_499169\2025-26_gw_stats.csv,csv,position,
players\Myles_Peart-Harris_450539\2025-26_gw_stats.csv,csv,position,
players\Naouirou_Ahamada_466117\2025-26_gw_stats.csv,csv,position,
players\Nathan_Aké_126184\2025-26_gw_stats.csv,csv,position,
players\Nathan_Collins_432830\2025-26_gw_stats.csv,csv,position,
players\Nathan_Fraser_531363\2025-26_gw_stats.csv,csv,position,
players\Nathan_Patterson_243571\2025-26_gw_stats.csv,csv,position,
players\Nathaniel_Clyne_57328\2025-26_gw_stats.csv,csv,position,
players\Nayef_Aguerd_210494\2025-26_gw_stats.csv,csv,position,
players\Nazarii_Rusyn_440955\2025-26_gw_stats.csv,csv,position,
players\Neco_Williams_215136\2025-26_gw_stats.csv,csv,position,
players\Nectarios_Triantis_500696\2025-26_gw_stats.csv,csv,position,
players\Nehemiah_Oriola_556637\2025-26_gw_stats.csv,csv,position,
players\Niall_Huggins_492066\2025-26_gw_stats.csv,csv,position,
players\Nick_Pope_98747\2025-26_gw_stats.csv,csv,position,
players\Nick_Woltemade_470313\2025-26_gw_stats.csv,csv,position,
players\Niclas_Füllkrug_91889\2025-26_gw_stats.csv,csv,position,
players\Nico_González_Iglesias_465694\2025-26_gw_stats.csv,csv,position,
players\Nico_OReilly_472769\2025-26_gw_stats.csv,csv,position,
players\Nicolas_Jackson_517052\2025-26_gw_stats.csv,csv,position,
players\Nicolás_Domínguez_250199\2025-26_gw_stats.csv,csv,position,
players\Nicolò_Savona_500151\2025-26_gw_stats.csv,csv,position,
players\Nikola_Milenković_227444\2025-26_gw_stats.csv,csv,position,
players\Nilson_Angulo_536661\2025-26_gw_stats.csv,csv,position,
players\Noah_Okafor_435997\2025-26_gw_stats.csv,csv,position,
players\Noah_Sadiki_577669\2025-26_gw_stats.csv,csv,position,
players\Noni_Madueke_248857\2025-26_gw_stats.csv,csv,position,
players\Norberto_Bercique_Gomes_Betuncal_486385\2025-26_gw_stats.csv,csv,position,
players\Norberto_Murara_Neto_69752\2025-26_gw_stats.csv,csv,position,
players\Nordi_Mukiele_200834\2025-26_gw_stats.csv,csv,position,
players\Noussair_Mazraoui_230001\2025-26_gw_stats.csv,csv,position,
players\Odsonne_Édouard_199670\2025-26_gw_stats.csv,csv,position,
players\Odysseas_Vlachodimos_111452\2025-26_gw_stats.csv,csv,position,
players\Ola_Aina_159506\2025-26_gw_stats.csv,csv,position,
players\Oleksandr_Zinchenko_206325\2025-26_gw_stats.csv,csv,position,
players\Oliver_Pimlott_647960\2025-26_gw_stats.csv,csv,position,
players\Oliver_Sonne_519895\2025-26_gw_stats.csv,csv,position,
players\Olivier_Boscagli_204120\2025-26_gw_stats.csv,csv,position,
players\Ollie_Scarles_536109\2025-26_gw_stats.csv,csv,position,
players\Ollie_Shield_494556\2025-26_gw_stats.csv,csv,position,
players\Ollie_Watkins_178301\2025-26_gw_stats.csv,csv,position,
players\Oluwaseun_Adewumi_576323\2025-26_gw_stats.csv,csv,position,
players\Omar_Alderete_201895\2025-26_gw_stats.csv,csv,position,
players\Omar_Marmoush_438234\2025-26_gw_stats.csv,csv,position,
players\Omar_Richards_204822\2025-26_gw_stats.csv,csv,position,
players\Omari_Hutchinson_503301\2025-26_gw_stats.csv,csv,position,
players\Oscar_Bobb_477555\2025-26_gw_stats.csv,csv,position,
players\Owen_Bevan_518906\2025-26_gw_stats.csv,csv,position,
players\Owen_Dodgson_461567\2025-26_gw_stats.csv,csv,position,
players\Pablo_Felipe_Pereira_de_Jesus_530335\2025-26_gw_stats.csv,csv,position,
players\Pape_Matar_Sarr_482442\2025-26_gw_stats.csv,csv,position,
players\Paris_Maghoma_220695\2025-26_gw_stats.csv,csv,position,
players\Pascal_Groß_60307\2025-26_gw_stats.csv,csv,position,
players\Pascal_Struijk_222694\2025-26_gw_stats.csv,csv,position,
players\Patrick_Bamford_106617\2025-26_gw_stats.csv,csv,position,
players\Patrick_Dorgu_596777\2025-26_gw_stats.csv,csv,position,
players\Patrick_Roberts_124165\2025-26_gw_stats.csv,csv,position,
players\Pau_Torres_244954\2025-26_gw_stats.csv,csv,position,
players\Pedro_Cardoso_de_Lima_641221\2025-26_gw_stats.csv,csv,position,
players\Pedro_Lomba_Neto_247632\2025-26_gw_stats.csv,csv,position,
players\Pedro_Porro_Sauceda_441164\2025-26_gw_stats.csv,csv,position,
players\Pervis_Estupiñán_Tenorio_204214\2025-26_gw_stats.csv,csv,position,
players\Phil_Foden_209244\2025-26_gw_stats.csv,csv,position,
players\Philip_Billing_168991\2025-26_gw_stats.csv,csv,position,
players\Piero_Hincapié_448104\2025-26_gw_stats.csv,csv,position,
players\Pierre_Ekwah_Elimby_458297\2025-26_gw_stats.csv,csv,position,
players\Quilindschy_Hartman_494960\2025-26_gw_stats.csv,csv,position,
players\Radu_Drăgușin_493125\2025-26_gw_stats.csv,csv,position,
players\Randal_Kolo_Muani_247693\2025-26_gw_stats.csv,csv,position,
players\Rasmus_Højlund_497894\2025-26_gw_stats.csv,csv,position,
players\Rayan_Aït-Nouri_448514\2025-26_gw_stats.csv,csv,position,
players\Rayan_Cherki_466052\2025-26_gw_stats.csv,csv,position,
players\Rayan_Vitor_Simplício_Rocha_499604\2025-26_gw_stats.csv,csv,position,
players\Raúl_Jiménez_Rodríguez_102057\2025-26_gw_stats.csv,csv,position,
players\Reece_James_225796\2025-26_gw_stats.csv,csv,position,
players\Reece_Welch_474907\2025-26_gw_stats.csv,csv,position,
players\Reigan_Heskey_580921\2025-26_gw_stats.csv,csv,position,
players\Reinildo_Mandava_434399\2025-26_gw_stats.csv,csv,position,
players\Reiss_Nelson_200641\2025-26_gw_stats.csv,csv,position,
players\Remi_Matthews_169593\2025-26_gw_stats.csv,csv,position,
players\Remy_Rees-Dottin_606774\2025-26_gw_stats.csv,csv,position,
players\Rhys_Chadwick_577978\2025-26_gw_stats.csv,csv,position,
players\Rhys_Williams_219937\2025-26_gw_stats.csv,csv,position,
players\Riccardo_Calafiori_466075\2025-26_gw_stats.csv,csv,position,
players\Richarlison_de_Andrade_212319\2025-26_gw_stats.csv,csv,position,
players\Rico_Henry_194010\2025-26_gw_stats.csv,csv,position,
players\Rico_Lewis_477064\2025-26_gw_stats.csv,csv,position,
players\Riley_Owen_547671\2025-26_gw_stats.csv,csv,position,
players\Rio_Cardines_590014\2025-26_gw_stats.csv,csv,position,
players\Rio_Kyerematen_536134\2025-26_gw_stats.csv,csv,position,
players\Rio_Ngumoha_611922\2025-26_gw_stats.csv,csv,position,
players\Rob_Holding_156074\2025-26_gw_stats.csv,csv,position,
players\Robert_Lynch_Sánchez_215059\2025-26_gw_stats.csv,csv,position,
players\Robin_Roefs_498016\2025-26_gw_stats.csv,csv,position,
players\Rodrigo_Bentancur_202993\2025-26_gw_stats.csv,csv,position,
players\Rodrigo_Martins_Gomes_483081\2025-26_gw_stats.csv,csv,position,
players\Rodrigo_Muniz_Carvalho_244042\2025-26_gw_stats.csv,csv,position,
players\Rodrigo_Rodri_Hernandez_Cascante_220566\2025-26_gw_stats.csv,csv,position,
players\Romain_Esse_606921\2025-26_gw_stats.csv,csv,position,
players\Romain_Faivre_441240\2025-26_gw_stats.csv,csv,position,
players\Romaine_Mundle_461199\2025-26_gw_stats.csv,csv,position,
players\Roman_Dixon_496178\2025-26_gw_stats.csv,csv,position,
players\Romelle_Donovan_606689\2025-26_gw_stats.csv,csv,position,
players\Roméo_Lavia_514356\2025-26_gw_stats.csv,csv,position,
players\Ronnie_Hollingshead_516875\2025-26_gw_stats.csv,csv,position,
players\Ross_Barkley_88894\2025-26_gw_stats.csv,csv,position,
players\Ryan_Christie_158499\2025-26_gw_stats.csv,csv,position,
players\Ryan_Gravenberch_441266\2025-26_gw_stats.csv,csv,position,
players\Ryan_Kavuma-McQueen_616286\2025-26_gw_stats.csv,csv,position,
players\Ryan_McAidoo_616288\2025-26_gw_stats.csv,csv,position,
players\Ryan_Sessegnon_184349\2025-26_gw_stats.csv,csv,position,
players\Ryan_Trevitt_591357\2025-26_gw_stats.csv,csv,position,
players\Ryan_Yates_204968\2025-26_gw_stats.csv,csv,position,
players\Rúben_dos_Santos_Gato_Alves_Dias_171314\2025-26_gw_stats.csv,csv,position,
players\Saheed_Olagunju_601956\2025-26_gw_stats.csv,csv,position,
players\Sam_Alabi_666607\2025-26_gw_stats.csv,csv,position,
players\Sam_Byram_113564\2025-26_gw_stats.csv,csv,position,
players\Sam_Chambers_565863\2025-26_gw_stats.csv,csv,position,
players\Sam_Greenwood_248937\2025-26_gw_stats.csv,csv,position,
players\Sam_Johnstone_101982\2025-26_gw_stats.csv,csv,position,
players\Sam_Proctor_564505\2025-26_gw_stats.csv,csv,position,
players\Samuel_Amissah_591385\2025-26_gw_stats.csv,csv,position,
players\Samuel_Chukwueze_218328\2025-26_gw_stats.csv,csv,position,
players\Samuel_Iling-Junior_469247\2025-26_gw_stats.csv,csv,position,
players\Sander_Berge_207189\2025-26_gw_stats.csv,csv,position,
players\Sandro_Tonali_432422\2025-26_gw_stats.csv,csv,position,
players\Santiago_Ignacio_Bueno_231480\2025-26_gw_stats.csv,csv,position,
players\Saša_Kalajdžić_429414\2025-26_gw_stats.csv,csv,position,
players\Saša_Lukić_212314\2025-26_gw_stats.csv,csv,position,
players\Sean_Longstaff_180135\2025-26_gw_stats.csv,csv,position,
players\Sean_Neave_599303\2025-26_gw_stats.csv,csv,position,
players\Sebastiaan_Bornauw_437738\2025-26_gw_stats.csv,csv,position,
players\Senne_Lammens_465247\2025-26_gw_stats.csv,csv,position,
players\Sepp_van_den_Berg_444765\2025-26_gw_stats.csv,csv,position,
players\Seth_Ridgeon_619536\2025-26_gw_stats.csv,csv,position,
players\Seung-Soo_Park_623110\2025-26_gw_stats.csv,csv,position,
players\Shea_Lacey_576628\2025-26_gw_stats.csv,csv,position,
players\Shumaira_Mheuka_567119\2025-26_gw_stats.csv,csv,position,
players\Shurandy_Sambo_450072\2025-26_gw_stats.csv,csv,position,
players\Simon_Adingra_535818\2025-26_gw_stats.csv,csv,position,
players\Simon_Moore_74854\2025-26_gw_stats.csv,csv,position,
players\Solly_March_109345\2025-26_gw_stats.csv,csv,position,
players\Son_Heung-min_85971\2025-26_gw_stats.csv,csv,position,
players\Soungoutou_Magassa_564940\2025-26_gw_stats.csv,csv,position,
players\Stefan_Bajčetić_Maquieira_535928\2025-26_gw_stats.csv,csv,position,
players\Stefan_Ortega_Moreno_88248\2025-26_gw_stats.csv,csv,position,
players\Stefanos_Tzimas_608181\2025-26_gw_stats.csv,csv,position,
players\Stephen_Mfuni_566213\2025-26_gw_stats.csv,csv,position,
players\Steven_Benda_428971\2025-26_gw_stats.csv,csv,position,
players\Sven_Botman_220237\2025-26_gw_stats.csv,csv,position,
players\Sverre_Nypan_566164\2025-26_gw_stats.csv,csv,position,
players\Sávio_Moreira_de_Oliveira_510281\2025-26_gw_stats.csv,csv,position,
players\Séamus_Coleman_59949\2025-26_gw_stats.csv,csv,position,
players\Sékou_Koné_618873\2025-26_gw_stats.csv,csv,position,
players\TJ_Carroll_618027\2025-26_gw_stats.csv,csv,position,
players\Taiwo_Awoniyi_210156\2025-26_gw_stats.csv,csv,position,
players\Takai_Kōta_553299\2025-26_gw_stats.csv,csv,position,
players\Talla_Ndiaye_718875\2025-26_gw_stats.csv,csv,position,
players\Tammy_Abraham_173879\2025-26_gw_stats.csv,csv,position,
players\Tanaka_Ao_248056\2025-26_gw_stats.csv,csv,position,
players\Tariq_Lamptey_232792\2025-26_gw_stats.csv,csv,position,
players\Tawanda_Chirewa_497606\2025-26_gw_stats.csv,csv,position,
players\Teddy_Sharman-Lowe_499857\2025-26_gw_stats.csv,csv,position,
players\Temple_Ojinnaka_514362\2025-26_gw_stats.csv,csv,position,
players\Thierno_Barry_586309\2025-26_gw_stats.csv,csv,position,
players\Tijjani_Reijnders_433036\2025-26_gw_stats.csv,csv,position,
players\Tim_Iroegbunam_490094\2025-26_gw_stats.csv,csv,position,
players\Timothy_Castagne_166477\2025-26_gw_stats.csv,csv,position,
players\Timothée_Pembélé_465702\2025-26_gw_stats.csv,csv,position,
players\Tino_Livramento_441191\2025-26_gw_stats.csv,csv,position,
players\Toby_Collyer_490881\2025-26_gw_stats.csv,csv,position,
players\Tolu_Arokodare_488213\2025-26_gw_stats.csv,csv,position,
players\Tom_Cairney_76357\2025-26_gw_stats.csv,csv,position,
players\Tom_Edozie_596054\2025-26_gw_stats.csv,csv,position,
players\Tom_Heaton_21205\2025-26_gw_stats.csv,csv,position,
players\Tom_King_138001\2025-26_gw_stats.csv,csv,position,
players\Tom_McGill_209288\2025-26_gw_stats.csv,csv,position,
players\Tom_Watson_549074\2025-26_gw_stats.csv,csv,position,
players\Tommy_Setford_551221\2025-26_gw_stats.csv,csv,position,
players\Tomáš_Souček_215439\2025-26_gw_stats.csv,csv,position,
players\Tosin_Adarabioyo_109646\2025-26_gw_stats.csv,csv,position,
players\Toti_Gomes_510362\2025-26_gw_stats.csv,csv,position,
players\Trai_Hume_487676\2025-26_gw_stats.csv,csv,position,
players\Travis_Patterson_534836\2025-26_gw_stats.csv,csv,position,
players\Trevoh_Chalobah_180736\2025-26_gw_stats.csv,csv,position,
players\Trey_Nyoni_591386\2025-26_gw_stats.csv,csv,position,
players\Triston_Rowe_569577\2025-26_gw_stats.csv,csv,position,
players\Tyler_Adams_200785\2025-26_gw_stats.csv,csv,position,
players\Tyler_Dibling_496661\2025-26_gw_stats.csv,csv,position,
players\Tyler_Fletcher_519913\2025-26_gw_stats.csv,csv,position,
players\Tyler_Fredricson_547676\2025-26_gw_stats.csv,csv,position,
players\Tyler_Morton_440148\2025-26_gw_stats.csv,csv,position,
players\Tyler_Onyango_461446\2025-26_gw_stats.csv,csv,position,
players\Tymur_Tutierov_604211\2025-26_gw_stats.csv,csv,position,
players\Tyrell_Malacia_222690\2025-26_gw_stats.csv,csv,position,
players\Tyrick_Mitchell_244723\2025-26_gw_stats.csv,csv,position,
players\Tyrique_George_550615\2025-26_gw_stats.csv,csv,position,
players\Tyrone_Mings_149484\2025-26_gw_stats.csv,csv,position,
players\Valentín_Castellanos_247670\2025-26_gw_stats.csv,csv,position,
players\Veljko_Milosavljevic_620487\2025-26_gw_stats.csv,csv,position,
players\Victor_Lindelöf_184667\2025-26_gw_stats.csv,csv,position,
players\Viktor_Gyökeres_224117\2025-26_gw_stats.csv,csv,position,
players\Virgil_van_Dijk_97032\2025-26_gw_stats.csv,csv,position,
players\Vitalii_Mykolenko_224967\2025-26_gw_stats.csv,csv,position,
players\Vitaly_Janelt_204580\2025-26_gw_stats.csv,csv,position,
players\Vitor_de_Oliveira_Nunes_dos_Reis_616222\2025-26_gw_stats.csv,csv,position,
players\Václav_Hladký_51943\2025-26_gw_stats.csv,csv,position,
players\Walter_Benítez_121709\2025-26_gw_stats.csv,csv,position,
players\Wellity_Lucky_519440\2025-26_gw_stats.csv,csv,position,
players\Wes_Foderingham_82143\2025-26_gw_stats.csv,csv,position,
players\Wesley_Fofana_444463\2025-26_gw_stats.csv,csv,position,
players\Wilfried_Gnonto_492859\2025-26_gw_stats.csv,csv,position,
players\Will_Dennis_444172\2025-26_gw_stats.csv,csv,position,
players\Will_Hughes_108413\2025-26_gw_stats.csv,csv,position,
players\Will_Lankshear_552427\2025-26_gw_stats.csv,csv,position,
players\Will_Wright_677945\2025-26_gw_stats.csv,csv,position,
players\William_Osula_538207\2025-26_gw_stats.csv,csv,position,
players\William_Saliba_462424\2025-26_gw_stats.csv,csv,position,
players\Willy_Boly_90585\2025-26_gw_stats.csv,csv,position,
players\Wilson_Isidor_437505\2025-26_gw_stats.csv,csv,position,
players\Wilson_Odobert_550839\2025-26_gw_stats.csv,csv,position,
players\Xavi_Simons_493362\2025-26_gw_stats.csv,csv,position,
players\Yang_Min-hyeok_623095\2025-26_gw_stats.csv,csv,position,
players\Yankuba_Minteh_592031\2025-26_gw_stats.csv,csv,position,
players\Yasin_Ayari_509416\2025-26_gw_stats.csv,csv,position,
players\Yasin_Özcan_587178\2025-26_gw_stats.csv,csv,position,
players\Yehor_Yarmoliuk_508395\2025-26_gw_stats.csv,csv,position,
players\Yerson_Mosquera_Valdelamar_501837\2025-26_gw_stats.csv,csv,position,
players\Yoane_Wissa_216646\2025-26_gw_stats.csv,csv,position,
players\Youri_Tielemans_166989\2025-26_gw_stats.csv,csv,position,
players\Youssef_Ramalho_Chermiti_491012\2025-26_gw_stats.csv,csv,position,
players\Yunus_Emre_Konak_628204\2025-26_gw_stats.csv,csv,position,
players\Yusuf_Akhamrich_590035\2025-26_gw_stats.csv,csv,position,
players\Yves_Bissouma_227127\2025-26_gw_stats.csv,csv,position,
players\Yéremy_Pino_Santos_488024\2025-26_gw_stats.csv,csv,position,
players\Zach_Abbott_549067\2025-26_gw_stats.csv,csv,position,
players\Zach_Marsh_576980\2025-26_gw_stats.csv,csv,position,
players\Zain_Silcott-Duberry_530121\2025-26_gw_stats.csv,csv,position,
players\Zak_Johnson_514613\2025-26_gw_stats.csv,csv,position,
players\Zeki_Amdouni_492831\2025-26_gw_stats.csv,csv,position,
players\Zian_Flemming_431639\2025-26_gw_stats.csv,csv,position,
players\Zépiqueno_Redmond_576756\2025-26_gw_stats.csv,csv,position,
players\Álex_Jiménez_Sánchez_551483\2025-26_gw_stats.csv,csv,position,
players\Álex_Moreno_Lopera_106468\2025-26_gw_stats.csv,csv,position,
players\Ármin_Pécsi_586268\2025-26_gw_stats.csv,csv,position,
players\Đorđe_Petrović_457569\2025-26_gw_stats.csv,csv,position,
players\İlkay_Gündoğan_59859\2025-26_gw_stats.csv,csv,position,
raw_upstream\fpl\bootstrap-static.json,json,position,elements;id;name
teams\Arsenal_3\players\2025-26_all_players_gw.csv,csv,position,
teams\Aston_Villa_7\players\2025-26_all_players_gw.csv,csv,position,
teams\Bournemouth_91\players\2025-26_all_players_gw.csv,csv,position,
teams\Brentford_94\players\2025-26_all_players_gw.csv,csv,position,
teams\Brighton_36\players\2025-26_all_players_gw.csv,csv,position,
teams\Burnley_90\players\2025-26_all_players_gw.csv,csv,position,
teams\Chelsea_8\players\2025-26_all_players_gw.csv,csv,position,
teams\Crystal_Palace_31\players\2025-26_all_players_gw.csv,csv,position,
teams\Everton_11\players\2025-26_all_players_gw.csv,csv,position,
teams\Fulham_54\players\2025-26_all_players_gw.csv,csv,position,
teams\Leeds_2\players\2025-26_all_players_gw.csv,csv,position,
teams\Liverpool_14\players\2025-26_all_players_gw.csv,csv,position,
teams\Man_City_43\players\2025-26_all_players_gw.csv,csv,position,
teams\Man_Utd_1\players\2025-26_all_players_gw.csv,csv,position,
teams\Newcastle_4\players\2025-26_all_players_gw.csv,csv,position,
teams\Nottm_Forest_17\players\2025-26_all_players_gw.csv,csv,position,
teams\Spurs_6\players\2025-26_all_players_gw.csv,csv,position,
teams\Sunderland_56\players\2025-26_all_players_gw.csv,csv,position,
teams\West_Ham_21\players\2025-26_all_players_gw.csv,csv,position,
teams\Wolves_39\players\2025-26_all_players_gw.csv,csv,position,
