source_surface,resource,original_grain,field_name,field_type,decomposed_grain,decomposition_basis,notes,review_status,resolution,evidence_required,resolved_grain,resolution_status,resolution_basis,upstream_matches
fpl,bootstrap-static.json,sample_payload,chips,object,UNMAPPED_REVIEW,insufficient structural evidence,fpl\bootstrap-static.json,OPEN,,raw path/context or source-schema evidence,UNMAPPED_REVIEW,NOT_FOUND_IN_RAW_BOOTSTRAP,field path/terminal field not observed in captured raw bootstrap object families,
fpl,bootstrap-static.json,sample_payload,chips[].chip_type,str,UNMAPPED_REVIEW,insufficient structural evidence,fpl\bootstrap-static.json,OPEN,,raw path/context or source-schema evidence,UNMAPPED_REVIEW,NOT_FOUND_IN_RAW_BOOTSTRAP,field path/terminal field not observed in captured raw bootstrap object families,
fpl,bootstrap-static.json,sample_payload,chips[].id,int,UNMAPPED_REVIEW,insufficient structural evidence,fpl\bootstrap-static.json,OPEN,,raw path/context or source-schema evidence,UNMAPPED_REVIEW,AMBIGUOUS_RAW_BOOTSTRAP_GRAIN,terminal field occurs in multiple captured bootstrap object families,gameweek;phase;player;position_type;team
fpl,bootstrap-static.json,sample_payload,chips[].name,str,UNMAPPED_REVIEW,insufficient structural evidence,fpl\bootstrap-static.json,OPEN,,raw path/context or source-schema evidence,UNMAPPED_REVIEW,AMBIGUOUS_RAW_BOOTSTRAP_GRAIN,terminal field occurs in multiple captured bootstrap object families,bootstrap_metadata;gameweek;phase;team
fpl,bootstrap-static.json,sample_payload,chips[].number,int,UNMAPPED_REVIEW,insufficient structural evidence,fpl\bootstrap-static.json,OPEN,,raw path/context or source-schema evidence,UNMAPPED_REVIEW,NOT_FOUND_IN_RAW_BOOTSTRAP,field path/terminal field not observed in captured raw bootstrap object families,
fpl,bootstrap-static.json,sample_payload,chips[].overrides,object,UNMAPPED_REVIEW,insufficient structural evidence,fpl\bootstrap-static.json,OPEN,,raw path/context or source-schema evidence,gameweek,STRUCTURALLY_RESOLVED,exact terminal field observed in captured raw FPL bootstrap object family,gameweek
fpl,bootstrap-static.json,sample_payload,chips[].overrides.pick_multiplier,NoneType,UNMAPPED_REVIEW,insufficient structural evidence,fpl\bootstrap-static.json,OPEN,,raw path/context or source-schema evidence,UNMAPPED_REVIEW,NOT_FOUND_IN_RAW_BOOTSTRAP,field path/terminal field not observed in captured raw bootstrap object families,
fpl,bootstrap-static.json,sample_payload,chips[].overrides.rules,object,UNMAPPED_REVIEW,insufficient structural evidence,fpl\bootstrap-static.json,OPEN,,raw path/context or source-schema evidence,UNMAPPED_REVIEW,NOT_FOUND_IN_RAW_BOOTSTRAP,field path/terminal field not observed in captured raw bootstrap object families,
fpl,bootstrap-static.json,sample_payload,chips[].overrides.scoring,object,UNMAPPED_REVIEW,insufficient structural evidence,fpl\bootstrap-static.json,OPEN,,raw path/context or source-schema evidence,UNMAPPED_REVIEW,NOT_FOUND_IN_RAW_BOOTSTRAP,field path/terminal field not observed in captured raw bootstrap object families,
fpl,bootstrap-static.json,sample_payload,chips[].start_event,int,UNMAPPED_REVIEW,insufficient structural evidence,fpl\bootstrap-static.json,OPEN,,raw path/context or source-schema evidence,phase,STRUCTURALLY_RESOLVED,exact terminal field observed in captured raw FPL bootstrap object family,phase
fpl,bootstrap-static.json,sample_payload,chips[].stop_event,int,UNMAPPED_REVIEW,insufficient structural evidence,fpl\bootstrap-static.json,OPEN,,raw path/context or source-schema evidence,phase,STRUCTURALLY_RESOLVED,exact terminal field observed in captured raw FPL bootstrap object family,phase
fpl,bootstrap-static.json,sample_payload,events,object,UNMAPPED_REVIEW,insufficient structural evidence,fpl\bootstrap-static.json,OPEN,,raw path/context or source-schema evidence,UNMAPPED_REVIEW,NOT_FOUND_IN_RAW_BOOTSTRAP,field path/terminal field not observed in captured raw bootstrap object families,
fpl,bootstrap-static.json,sample_payload,events[].average_entry_score,int,UNMAPPED_REVIEW,insufficient structural evidence,fpl\bootstrap-static.json,OPEN,,raw path/context or source-schema evidence,gameweek,STRUCTURALLY_RESOLVED,exact terminal field observed in captured raw FPL bootstrap object family,gameweek
fpl,bootstrap-static.json,sample_payload,events[].can_enter,bool,UNMAPPED_REVIEW,insufficient structural evidence,fpl\bootstrap-static.json,OPEN,,raw path/context or source-schema evidence,gameweek,STRUCTURALLY_RESOLVED,exact terminal field observed in captured raw FPL bootstrap object family,gameweek
fpl,bootstrap-static.json,sample_payload,events[].can_manage,bool,UNMAPPED_REVIEW,insufficient structural evidence,fpl\bootstrap-static.json,OPEN,,raw path/context or source-schema evidence,gameweek,STRUCTURALLY_RESOLVED,exact terminal field observed in captured raw FPL bootstrap object family,gameweek
fpl,bootstrap-static.json,sample_payload,events[].chip_plays,object,UNMAPPED_REVIEW,insufficient structural evidence,fpl\bootstrap-static.json,OPEN,,raw path/context or source-schema evidence,gameweek,STRUCTURALLY_RESOLVED,exact terminal field observed in captured raw FPL bootstrap object family,gameweek
fpl,bootstrap-static.json,sample_payload,events[].chip_plays[].chip_name,str,UNMAPPED_REVIEW,insufficient structural evidence,fpl\bootstrap-static.json,OPEN,,raw path/context or source-schema evidence,UNMAPPED_REVIEW,NOT_FOUND_IN_RAW_BOOTSTRAP,field path/terminal field not observed in captured raw bootstrap object families,
fpl,bootstrap-static.json,sample_payload,events[].chip_plays[].num_played,int,UNMAPPED_REVIEW,insufficient structural evidence,fpl\bootstrap-static.json,OPEN,,raw path/context or source-schema evidence,UNMAPPED_REVIEW,NOT_FOUND_IN_RAW_BOOTSTRAP,field path/terminal field not observed in captured raw bootstrap object families,
fpl,bootstrap-static.json,sample_payload,events[].cup_leagues_created,bool,UNMAPPED_REVIEW,insufficient structural evidence,fpl\bootstrap-static.json,OPEN,,raw path/context or source-schema evidence,gameweek,STRUCTURALLY_RESOLVED,exact terminal field observed in captured raw FPL bootstrap object family,gameweek
fpl,bootstrap-static.json,sample_payload,events[].data_checked,bool,UNMAPPED_REVIEW,insufficient structural evidence,fpl\bootstrap-static.json,OPEN,,raw path/context or source-schema evidence,gameweek,STRUCTURALLY_RESOLVED,exact terminal field observed in captured raw FPL bootstrap object family,gameweek
fpl,bootstrap-static.json,sample_payload,events[].deadline_time,str,UNMAPPED_REVIEW,insufficient structural evidence,fpl\bootstrap-static.json,OPEN,,raw path/context or source-schema evidence,gameweek,STRUCTURALLY_RESOLVED,exact terminal field observed in captured raw FPL bootstrap object family,gameweek
fpl,bootstrap-static.json,sample_payload,events[].deadline_time_epoch,int,UNMAPPED_REVIEW,insufficient structural evidence,fpl\bootstrap-static.json,OPEN,,raw path/context or source-schema evidence,gameweek,STRUCTURALLY_RESOLVED,exact terminal field observed in captured raw FPL bootstrap object family,gameweek
fpl,bootstrap-static.json,sample_payload,events[].deadline_time_game_offset,int,UNMAPPED_REVIEW,insufficient structural evidence,fpl\bootstrap-static.json,OPEN,,raw path/context or source-schema evidence,gameweek,STRUCTURALLY_RESOLVED,exact terminal field observed in captured raw FPL bootstrap object family,gameweek
fpl,bootstrap-static.json,sample_payload,events[].finished,bool,UNMAPPED_REVIEW,insufficient structural evidence,fpl\bootstrap-static.json,OPEN,,raw path/context or source-schema evidence,gameweek,STRUCTURALLY_RESOLVED,exact terminal field observed in captured raw FPL bootstrap object family,gameweek
fpl,bootstrap-static.json,sample_payload,events[].h2h_ko_matches_created,bool,UNMAPPED_REVIEW,insufficient structural evidence,fpl\bootstrap-static.json,OPEN,,raw path/context or source-schema evidence,gameweek,STRUCTURALLY_RESOLVED,exact terminal field observed in captured raw FPL bootstrap object family,gameweek
fpl,bootstrap-static.json,sample_payload,events[].highest_score,int,UNMAPPED_REVIEW,insufficient structural evidence,fpl\bootstrap-static.json,OPEN,,raw path/context or source-schema evidence,gameweek,STRUCTURALLY_RESOLVED,exact terminal field observed in captured raw FPL bootstrap object family,gameweek
fpl,bootstrap-static.json,sample_payload,events[].highest_scoring_entry,int,UNMAPPED_REVIEW,insufficient structural evidence,fpl\bootstrap-static.json,OPEN,,raw path/context or source-schema evidence,gameweek,STRUCTURALLY_RESOLVED,exact terminal field observed in captured raw FPL bootstrap object family,gameweek
fpl,bootstrap-static.json,sample_payload,events[].id,int,UNMAPPED_REVIEW,insufficient structural evidence,fpl\bootstrap-static.json,OPEN,,raw path/context or source-schema evidence,gameweek,STRUCTURALLY_RESOLVED,exact terminal field observed in captured raw FPL bootstrap object family,gameweek
fpl,bootstrap-static.json,sample_payload,events[].is_current,bool,UNMAPPED_REVIEW,insufficient structural evidence,fpl\bootstrap-static.json,OPEN,,raw path/context or source-schema evidence,gameweek,STRUCTURALLY_RESOLVED,exact terminal field observed in captured raw FPL bootstrap object family,gameweek
fpl,bootstrap-static.json,sample_payload,events[].is_next,bool,UNMAPPED_REVIEW,insufficient structural evidence,fpl\bootstrap-static.json,OPEN,,raw path/context or source-schema evidence,gameweek,STRUCTURALLY_RESOLVED,exact terminal field observed in captured raw FPL bootstrap object family,gameweek
fpl,bootstrap-static.json,sample_payload,events[].is_previous,bool,UNMAPPED_REVIEW,insufficient structural evidence,fpl\bootstrap-static.json,OPEN,,raw path/context or source-schema evidence,gameweek,STRUCTURALLY_RESOLVED,exact terminal field observed in captured raw FPL bootstrap object family,gameweek
fpl,bootstrap-static.json,sample_payload,events[].most_captained,int,UNMAPPED_REVIEW,insufficient structural evidence,fpl\bootstrap-static.json,OPEN,,raw path/context or source-schema evidence,gameweek,STRUCTURALLY_RESOLVED,exact terminal field observed in captured raw FPL bootstrap object family,gameweek
fpl,bootstrap-static.json,sample_payload,events[].most_selected,int,UNMAPPED_REVIEW,insufficient structural evidence,fpl\bootstrap-static.json,OPEN,,raw path/context or source-schema evidence,gameweek,STRUCTURALLY_RESOLVED,exact terminal field observed in captured raw FPL bootstrap object family,gameweek
fpl,bootstrap-static.json,sample_payload,events[].most_transferred_in,int,UNMAPPED_REVIEW,insufficient structural evidence,fpl\bootstrap-static.json,OPEN,,raw path/context or source-schema evidence,gameweek,STRUCTURALLY_RESOLVED,exact terminal field observed in captured raw FPL bootstrap object family,gameweek
fpl,bootstrap-static.json,sample_payload,events[].most_vice_captained,int,UNMAPPED_REVIEW,insufficient structural evidence,fpl\bootstrap-static.json,OPEN,,raw path/context or source-schema evidence,gameweek,STRUCTURALLY_RESOLVED,exact terminal field observed in captured raw FPL bootstrap object family,gameweek
fpl,bootstrap-static.json,sample_payload,events[].name,str,UNMAPPED_REVIEW,insufficient structural evidence,fpl\bootstrap-static.json,OPEN,,raw path/context or source-schema evidence,gameweek,STRUCTURALLY_RESOLVED,exact terminal field observed in captured raw FPL bootstrap object family,gameweek
fpl,bootstrap-static.json,sample_payload,events[].overrides,object,UNMAPPED_REVIEW,insufficient structural evidence,fpl\bootstrap-static.json,OPEN,,raw path/context or source-schema evidence,gameweek,STRUCTURALLY_RESOLVED,exact terminal field observed in captured raw FPL bootstrap object family,gameweek
fpl,bootstrap-static.json,sample_payload,events[].overrides.pick_multiplier,NoneType,UNMAPPED_REVIEW,insufficient structural evidence,fpl\bootstrap-static.json,OPEN,,raw path/context or source-schema evidence,UNMAPPED_REVIEW,NOT_FOUND_IN_RAW_BOOTSTRAP,field path/terminal field not observed in captured raw bootstrap object families,
fpl,bootstrap-static.json,sample_payload,events[].overrides.rules,object,UNMAPPED_REVIEW,insufficient structural evidence,fpl\bootstrap-static.json,OPEN,,raw path/context or source-schema evidence,UNMAPPED_REVIEW,NOT_FOUND_IN_RAW_BOOTSTRAP,field path/terminal field not observed in captured raw bootstrap object families,
fpl,bootstrap-static.json,sample_payload,events[].overrides.scoring,object,UNMAPPED_REVIEW,insufficient structural evidence,fpl\bootstrap-static.json,OPEN,,raw path/context or source-schema evidence,UNMAPPED_REVIEW,NOT_FOUND_IN_RAW_BOOTSTRAP,field path/terminal field not observed in captured raw bootstrap object families,
fpl,bootstrap-static.json,sample_payload,events[].ranked_count,int,UNMAPPED_REVIEW,insufficient structural evidence,fpl\bootstrap-static.json,OPEN,,raw path/context or source-schema evidence,gameweek,STRUCTURALLY_RESOLVED,exact terminal field observed in captured raw FPL bootstrap object family,gameweek
fpl,bootstrap-static.json,sample_payload,events[].release_time,NoneType,UNMAPPED_REVIEW,insufficient structural evidence,fpl\bootstrap-static.json,OPEN,,raw path/context or source-schema evidence,gameweek,STRUCTURALLY_RESOLVED,exact terminal field observed in captured raw FPL bootstrap object family,gameweek
fpl,bootstrap-static.json,sample_payload,events[].released,bool,UNMAPPED_REVIEW,insufficient structural evidence,fpl\bootstrap-static.json,OPEN,,raw path/context or source-schema evidence,gameweek,STRUCTURALLY_RESOLVED,exact terminal field observed in captured raw FPL bootstrap object family,gameweek
fpl,bootstrap-static.json,sample_payload,events[].transfers_made,int,UNMAPPED_REVIEW,insufficient structural evidence,fpl\bootstrap-static.json,OPEN,,raw path/context or source-schema evidence,gameweek,STRUCTURALLY_RESOLVED,exact terminal field observed in captured raw FPL bootstrap object family,gameweek
fpl,bootstrap-static.json,sample_payload,game_config,object,UNMAPPED_REVIEW,insufficient structural evidence,fpl\bootstrap-static.json,OPEN,,raw path/context or source-schema evidence,UNMAPPED_REVIEW,NOT_FOUND_IN_RAW_BOOTSTRAP,field path/terminal field not observed in captured raw bootstrap object families,
fpl,bootstrap-static.json,sample_payload,game_config.rules,object,UNMAPPED_REVIEW,insufficient structural evidence,fpl\bootstrap-static.json,OPEN,,raw path/context or source-schema evidence,UNMAPPED_REVIEW,NOT_FOUND_IN_RAW_BOOTSTRAP,field path/terminal field not observed in captured raw bootstrap object families,
fpl,bootstrap-static.json,sample_payload,game_config.rules.cup_qualifying_method,NoneType,UNMAPPED_REVIEW,insufficient structural evidence,fpl\bootstrap-static.json,OPEN,,raw path/context or source-schema evidence,game_settings,STRUCTURALLY_RESOLVED,exact terminal field observed in captured raw FPL bootstrap object family,game_settings
fpl,bootstrap-static.json,sample_payload,game_config.rules.cup_start_event_id,NoneType,UNMAPPED_REVIEW,insufficient structural evidence,fpl\bootstrap-static.json,OPEN,,raw path/context or source-schema evidence,game_settings,STRUCTURALLY_RESOLVED,exact terminal field observed in captured raw FPL bootstrap object family,game_settings
fpl,bootstrap-static.json,sample_payload,game_config.rules.cup_stop_event_id,NoneType,UNMAPPED_REVIEW,insufficient structural evidence,fpl\bootstrap-static.json,OPEN,,raw path/context or source-schema evidence,game_settings,STRUCTURALLY_RESOLVED,exact terminal field observed in captured raw FPL bootstrap object family,game_settings
fpl,bootstrap-static.json,sample_payload,game_config.rules.cup_type,NoneType,UNMAPPED_REVIEW,insufficient structural evidence,fpl\bootstrap-static.json,OPEN,,raw path/context or source-schema evidence,game_settings,STRUCTURALLY_RESOLVED,exact terminal field observed in captured raw FPL bootstrap object family,game_settings
fpl,bootstrap-static.json,sample_payload,game_config.rules.featured_entries,object,UNMAPPED_REVIEW,insufficient structural evidence,fpl\bootstrap-static.json,OPEN,,raw path/context or source-schema evidence,game_settings,STRUCTURALLY_RESOLVED,exact terminal field observed in captured raw FPL bootstrap object family,game_settings
fpl,bootstrap-static.json,sample_payload,game_config.rules.league_h2h_tiebreak_stats,object,UNMAPPED_REVIEW,insufficient structural evidence,fpl\bootstrap-static.json,OPEN,,raw path/context or source-schema evidence,game_settings,STRUCTURALLY_RESOLVED,exact terminal field observed in captured raw FPL bootstrap object family,game_settings
fpl,bootstrap-static.json,sample_payload,game_config.rules.league_join_private_max,int,UNMAPPED_REVIEW,insufficient structural evidence,fpl\bootstrap-static.json,OPEN,,raw path/context or source-schema evidence,game_settings,STRUCTURALLY_RESOLVED,exact terminal field observed in captured raw FPL bootstrap object family,game_settings
fpl,bootstrap-static.json,sample_payload,game_config.rules.league_join_public_max,int,UNMAPPED_REVIEW,insufficient structural evidence,fpl\bootstrap-static.json,OPEN,,raw path/context or source-schema evidence,game_settings,STRUCTURALLY_RESOLVED,exact terminal field observed in captured raw FPL bootstrap object family,game_settings
fpl,bootstrap-static.json,sample_payload,game_config.rules.league_ko_first_instead_of_random,bool,UNMAPPED_REVIEW,insufficient structural evidence,fpl\bootstrap-static.json,OPEN,,raw path/context or source-schema evidence,game_settings,STRUCTURALLY_RESOLVED,exact terminal field observed in captured raw FPL bootstrap object family,game_settings
fpl,bootstrap-static.json,sample_payload,game_config.rules.league_max_ko_rounds_private_h2h,int,UNMAPPED_REVIEW,insufficient structural evidence,fpl\bootstrap-static.json,OPEN,,raw path/context or source-schema evidence,game_settings,STRUCTURALLY_RESOLVED,exact terminal field observed in captured raw FPL bootstrap object family,game_settings
fpl,bootstrap-static.json,sample_payload,game_config.rules.league_max_size_private_h2h,int,UNMAPPED_REVIEW,insufficient structural evidence,fpl\bootstrap-static.json,OPEN,,raw path/context or source-schema evidence,game_settings,STRUCTURALLY_RESOLVED,exact terminal field observed in captured raw FPL bootstrap object family,game_settings
fpl,bootstrap-static.json,sample_payload,game_config.rules.league_max_size_public_classic,int,UNMAPPED_REVIEW,insufficient structural evidence,fpl\bootstrap-static.json,OPEN,,raw path/context or source-schema evidence,game_settings,STRUCTURALLY_RESOLVED,exact terminal field observed in captured raw FPL bootstrap object family,game_settings
fpl,bootstrap-static.json,sample_payload,game_config.rules.league_max_size_public_h2h,int,UNMAPPED_REVIEW,insufficient structural evidence,fpl\bootstrap-static.json,OPEN,,raw path/context or source-schema evidence,game_settings,STRUCTURALLY_RESOLVED,exact terminal field observed in captured raw FPL bootstrap object family,game_settings
fpl,bootstrap-static.json,sample_payload,game_config.rules.league_points_h2h_draw,int,UNMAPPED_REVIEW,insufficient structural evidence,fpl\bootstrap-static.json,OPEN,,raw path/context or source-schema evidence,game_settings,STRUCTURALLY_RESOLVED,exact terminal field observed in captured raw FPL bootstrap object family,game_settings
fpl,bootstrap-static.json,sample_payload,game_config.rules.league_points_h2h_lose,int,UNMAPPED_REVIEW,insufficient structural evidence,fpl\bootstrap-static.json,OPEN,,raw path/context or source-schema evidence,game_settings,STRUCTURALLY_RESOLVED,exact terminal field observed in captured raw FPL bootstrap object family,game_settings
fpl,bootstrap-static.json,sample_payload,game_config.rules.league_points_h2h_win,int,UNMAPPED_REVIEW,insufficient structural evidence,fpl\bootstrap-static.json,OPEN,,raw path/context or source-schema evidence,game_settings,STRUCTURALLY_RESOLVED,exact terminal field observed in captured raw FPL bootstrap object family,game_settings
fpl,bootstrap-static.json,sample_payload,game_config.rules.league_prefix_public,str,UNMAPPED_REVIEW,insufficient structural evidence,fpl\bootstrap-static.json,OPEN,,raw path/context or source-schema evidence,game_settings,STRUCTURALLY_RESOLVED,exact terminal field observed in captured raw FPL bootstrap object family,game_settings
fpl,bootstrap-static.json,sample_payload,game_config.rules.max_extra_free_transfers,int,UNMAPPED_REVIEW,insufficient structural evidence,fpl\bootstrap-static.json,OPEN,,raw path/context or source-schema evidence,game_settings,STRUCTURALLY_RESOLVED,exact terminal field observed in captured raw FPL bootstrap object family,game_settings
fpl,bootstrap-static.json,sample_payload,game_config.rules.percentile_ranks,object,UNMAPPED_REVIEW,insufficient structural evidence,fpl\bootstrap-static.json,OPEN,,raw path/context or source-schema evidence,game_settings,STRUCTURALLY_RESOLVED,exact terminal field observed in captured raw FPL bootstrap object family,game_settings
fpl,bootstrap-static.json,sample_payload,game_config.rules.squad_special_max,NoneType,UNMAPPED_REVIEW,insufficient structural evidence,fpl\bootstrap-static.json,OPEN,,raw path/context or source-schema evidence,game_settings,STRUCTURALLY_RESOLVED,exact terminal field observed in captured raw FPL bootstrap object family,game_settings
fpl,bootstrap-static.json,sample_payload,game_config.rules.squad_special_min,NoneType,UNMAPPED_REVIEW,insufficient structural evidence,fpl\bootstrap-static.json,OPEN,,raw path/context or source-schema evidence,game_settings,STRUCTURALLY_RESOLVED,exact terminal field observed in captured raw FPL bootstrap object family,game_settings
fpl,bootstrap-static.json,sample_payload,game_config.rules.squad_squadplay,int,UNMAPPED_REVIEW,insufficient structural evidence,fpl\bootstrap-static.json,OPEN,,raw path/context or source-schema evidence,game_settings,STRUCTURALLY_RESOLVED,exact terminal field observed in captured raw FPL bootstrap object family,game_settings
fpl,bootstrap-static.json,sample_payload,game_config.rules.squad_squadsize,int,UNMAPPED_REVIEW,insufficient structural evidence,fpl\bootstrap-static.json,OPEN,,raw path/context or source-schema evidence,game_settings,STRUCTURALLY_RESOLVED,exact terminal field observed in captured raw FPL bootstrap object family,game_settings
fpl,bootstrap-static.json,sample_payload,game_config.rules.squad_total_spend,int,UNMAPPED_REVIEW,insufficient structural evidence,fpl\bootstrap-static.json,OPEN,,raw path/context or source-schema evidence,game_settings,STRUCTURALLY_RESOLVED,exact terminal field observed in captured raw FPL bootstrap object family,game_settings
fpl,bootstrap-static.json,sample_payload,game_config.rules.stats_form_days,int,UNMAPPED_REVIEW,insufficient structural evidence,fpl\bootstrap-static.json,OPEN,,raw path/context or source-schema evidence,game_settings,STRUCTURALLY_RESOLVED,exact terminal field observed in captured raw FPL bootstrap object family,game_settings
fpl,bootstrap-static.json,sample_payload,game_config.rules.sys_vice_captain_enabled,bool,UNMAPPED_REVIEW,insufficient structural evidence,fpl\bootstrap-static.json,OPEN,,raw path/context or source-schema evidence,game_settings,STRUCTURALLY_RESOLVED,exact terminal field observed in captured raw FPL bootstrap object family,game_settings
fpl,bootstrap-static.json,sample_payload,game_config.rules.transfers_cap,int,UNMAPPED_REVIEW,insufficient structural evidence,fpl\bootstrap-static.json,OPEN,,raw path/context or source-schema evidence,game_settings,STRUCTURALLY_RESOLVED,exact terminal field observed in captured raw FPL bootstrap object family,game_settings
fpl,bootstrap-static.json,sample_payload,game_config.rules.transfers_sell_on_fee,float,UNMAPPED_REVIEW,insufficient structural evidence,fpl\bootstrap-static.json,OPEN,,raw path/context or source-schema evidence,game_settings,STRUCTURALLY_RESOLVED,exact terminal field observed in captured raw FPL bootstrap object family,game_settings
fpl,bootstrap-static.json,sample_payload,game_config.rules.ui_currency_multiplier,int,UNMAPPED_REVIEW,insufficient structural evidence,fpl\bootstrap-static.json,OPEN,,raw path/context or source-schema evidence,game_settings,STRUCTURALLY_RESOLVED,exact terminal field observed in captured raw FPL bootstrap object family,game_settings
fpl,bootstrap-static.json,sample_payload,game_config.rules.ui_special_shirt_exclusions,object,UNMAPPED_REVIEW,insufficient structural evidence,fpl\bootstrap-static.json,OPEN,,raw path/context or source-schema evidence,game_settings,STRUCTURALLY_RESOLVED,exact terminal field observed in captured raw FPL bootstrap object family,game_settings
fpl,bootstrap-static.json,sample_payload,game_config.rules.ui_use_special_shirts,bool,UNMAPPED_REVIEW,insufficient structural evidence,fpl\bootstrap-static.json,OPEN,,raw path/context or source-schema evidence,game_settings,STRUCTURALLY_RESOLVED,exact terminal field observed in captured raw FPL bootstrap object family,game_settings
fpl,bootstrap-static.json,sample_payload,game_config.rules.underdog_differential,int,UNMAPPED_REVIEW,insufficient structural evidence,fpl\bootstrap-static.json,OPEN,,raw path/context or source-schema evidence,game_settings,STRUCTURALLY_RESOLVED,exact terminal field observed in captured raw FPL bootstrap object family,game_settings
fpl,bootstrap-static.json,sample_payload,game_config.scoring,object,UNMAPPED_REVIEW,insufficient structural evidence,fpl\bootstrap-static.json,OPEN,,raw path/context or source-schema evidence,UNMAPPED_REVIEW,NOT_FOUND_IN_RAW_BOOTSTRAP,field path/terminal field not observed in captured raw bootstrap object families,
fpl,bootstrap-static.json,sample_payload,game_config.scoring.assists,int,UNMAPPED_REVIEW,insufficient structural evidence,fpl\bootstrap-static.json,OPEN,,raw path/context or source-schema evidence,player,STRUCTURALLY_RESOLVED,exact terminal field observed in captured raw FPL bootstrap object family,player
fpl,bootstrap-static.json,sample_payload,game_config.scoring.bonus,int,UNMAPPED_REVIEW,insufficient structural evidence,fpl\bootstrap-static.json,OPEN,,raw path/context or source-schema evidence,player,STRUCTURALLY_RESOLVED,exact terminal field observed in captured raw FPL bootstrap object family,player
fpl,bootstrap-static.json,sample_payload,game_config.scoring.bps,int,UNMAPPED_REVIEW,insufficient structural evidence,fpl\bootstrap-static.json,OPEN,,raw path/context or source-schema evidence,player,STRUCTURALLY_RESOLVED,exact terminal field observed in captured raw FPL bootstrap object family,player
fpl,bootstrap-static.json,sample_payload,game_config.scoring.clean_sheets,object,UNMAPPED_REVIEW,insufficient structural evidence,fpl\bootstrap-static.json,OPEN,,raw path/context or source-schema evidence,player,STRUCTURALLY_RESOLVED,exact terminal field observed in captured raw FPL bootstrap object family,player
fpl,bootstrap-static.json,sample_payload,game_config.scoring.clean_sheets.DEF,int,UNMAPPED_REVIEW,insufficient structural evidence,fpl\bootstrap-static.json,OPEN,,raw path/context or source-schema evidence,UNMAPPED_REVIEW,NOT_FOUND_IN_RAW_BOOTSTRAP,field path/terminal field not observed in captured raw bootstrap object families,
fpl,bootstrap-static.json,sample_payload,game_config.scoring.clean_sheets.FWD,int,UNMAPPED_REVIEW,insufficient structural evidence,fpl\bootstrap-static.json,OPEN,,raw path/context or source-schema evidence,UNMAPPED_REVIEW,NOT_FOUND_IN_RAW_BOOTSTRAP,field path/terminal field not observed in captured raw bootstrap object families,
fpl,bootstrap-static.json,sample_payload,game_config.scoring.clean_sheets.GKP,int,UNMAPPED_REVIEW,insufficient structural evidence,fpl\bootstrap-static.json,OPEN,,raw path/context or source-schema evidence,UNMAPPED_REVIEW,NOT_FOUND_IN_RAW_BOOTSTRAP,field path/terminal field not observed in captured raw bootstrap object families,
fpl,bootstrap-static.json,sample_payload,game_config.scoring.clean_sheets.MID,int,UNMAPPED_REVIEW,insufficient structural evidence,fpl\bootstrap-static.json,OPEN,,raw path/context or source-schema evidence,UNMAPPED_REVIEW,NOT_FOUND_IN_RAW_BOOTSTRAP,field path/terminal field not observed in captured raw bootstrap object families,
fpl,bootstrap-static.json,sample_payload,game_config.scoring.clearances_blocks_interceptions,int,UNMAPPED_REVIEW,insufficient structural evidence,fpl\bootstrap-static.json,OPEN,,raw path/context or source-schema evidence,player,STRUCTURALLY_RESOLVED,exact terminal field observed in captured raw FPL bootstrap object family,player
fpl,bootstrap-static.json,sample_payload,game_config.scoring.creativity,int,UNMAPPED_REVIEW,insufficient structural evidence,fpl\bootstrap-static.json,OPEN,,raw path/context or source-schema evidence,player,STRUCTURALLY_RESOLVED,exact terminal field observed in captured raw FPL bootstrap object family,player
fpl,bootstrap-static.json,sample_payload,game_config.scoring.defensive_contribution,object,UNMAPPED_REVIEW,insufficient structural evidence,fpl\bootstrap-static.json,OPEN,,raw path/context or source-schema evidence,player,STRUCTURALLY_RESOLVED,exact terminal field observed in captured raw FPL bootstrap object family,player
fpl,bootstrap-static.json,sample_payload,game_config.scoring.defensive_contribution.DEF,int,UNMAPPED_REVIEW,insufficient structural evidence,fpl\bootstrap-static.json,OPEN,,raw path/context or source-schema evidence,UNMAPPED_REVIEW,NOT_FOUND_IN_RAW_BOOTSTRAP,field path/terminal field not observed in captured raw bootstrap object families,
fpl,bootstrap-static.json,sample_payload,game_config.scoring.defensive_contribution.FWD,int,UNMAPPED_REVIEW,insufficient structural evidence,fpl\bootstrap-static.json,OPEN,,raw path/context or source-schema evidence,UNMAPPED_REVIEW,NOT_FOUND_IN_RAW_BOOTSTRAP,field path/terminal field not observed in captured raw bootstrap object families,
fpl,bootstrap-static.json,sample_payload,game_config.scoring.defensive_contribution.GKP,int,UNMAPPED_REVIEW,insufficient structural evidence,fpl\bootstrap-static.json,OPEN,,raw path/context or source-schema evidence,UNMAPPED_REVIEW,NOT_FOUND_IN_RAW_BOOTSTRAP,field path/terminal field not observed in captured raw bootstrap object families,
fpl,bootstrap-static.json,sample_payload,game_config.scoring.defensive_contribution.MID,int,UNMAPPED_REVIEW,insufficient structural evidence,fpl\bootstrap-static.json,OPEN,,raw path/context or source-schema evidence,UNMAPPED_REVIEW,NOT_FOUND_IN_RAW_BOOTSTRAP,field path/terminal field not observed in captured raw bootstrap object families,
fpl,bootstrap-static.json,sample_payload,game_config.scoring.expected_assists,int,UNMAPPED_REVIEW,insufficient structural evidence,fpl\bootstrap-static.json,OPEN,,raw path/context or source-schema evidence,player,STRUCTURALLY_RESOLVED,exact terminal field observed in captured raw FPL bootstrap object family,player
fpl,bootstrap-static.json,sample_payload,game_config.scoring.expected_goal_involvements,int,UNMAPPED_REVIEW,insufficient structural evidence,fpl\bootstrap-static.json,OPEN,,raw path/context or source-schema evidence,player,STRUCTURALLY_RESOLVED,exact terminal field observed in captured raw FPL bootstrap object family,player
fpl,bootstrap-static.json,sample_payload,game_config.scoring.expected_goals,int,UNMAPPED_REVIEW,insufficient structural evidence,fpl\bootstrap-static.json,OPEN,,raw path/context or source-schema evidence,player,STRUCTURALLY_RESOLVED,exact terminal field observed in captured raw FPL bootstrap object family,player
fpl,bootstrap-static.json,sample_payload,game_config.scoring.expected_goals_conceded,int,UNMAPPED_REVIEW,insufficient structural evidence,fpl\bootstrap-static.json,OPEN,,raw path/context or source-schema evidence,player,STRUCTURALLY_RESOLVED,exact terminal field observed in captured raw FPL bootstrap object family,player
fpl,bootstrap-static.json,sample_payload,game_config.scoring.goals_conceded,object,UNMAPPED_REVIEW,insufficient structural evidence,fpl\bootstrap-static.json,OPEN,,raw path/context or source-schema evidence,player,STRUCTURALLY_RESOLVED,exact terminal field observed in captured raw FPL bootstrap object family,player
fpl,bootstrap-static.json,sample_payload,game_config.scoring.goals_conceded.DEF,int,UNMAPPED_REVIEW,insufficient structural evidence,fpl\bootstrap-static.json,OPEN,,raw path/context or source-schema evidence,UNMAPPED_REVIEW,NOT_FOUND_IN_RAW_BOOTSTRAP,field path/terminal field not observed in captured raw bootstrap object families,
fpl,bootstrap-static.json,sample_payload,game_config.scoring.goals_conceded.FWD,int,UNMAPPED_REVIEW,insufficient structural evidence,fpl\bootstrap-static.json,OPEN,,raw path/context or source-schema evidence,UNMAPPED_REVIEW,NOT_FOUND_IN_RAW_BOOTSTRAP,field path/terminal field not observed in captured raw bootstrap object families,
fpl,bootstrap-static.json,sample_payload,game_config.scoring.goals_conceded.GKP,int,UNMAPPED_REVIEW,insufficient structural evidence,fpl\bootstrap-static.json,OPEN,,raw path/context or source-schema evidence,UNMAPPED_REVIEW,NOT_FOUND_IN_RAW_BOOTSTRAP,field path/terminal field not observed in captured raw bootstrap object families,
fpl,bootstrap-static.json,sample_payload,game_config.scoring.goals_conceded.MID,int,UNMAPPED_REVIEW,insufficient structural evidence,fpl\bootstrap-static.json,OPEN,,raw path/context or source-schema evidence,UNMAPPED_REVIEW,NOT_FOUND_IN_RAW_BOOTSTRAP,field path/terminal field not observed in captured raw bootstrap object families,
fpl,bootstrap-static.json,sample_payload,game_config.scoring.goals_scored,object,UNMAPPED_REVIEW,insufficient structural evidence,fpl\bootstrap-static.json,OPEN,,raw path/context or source-schema evidence,player,STRUCTURALLY_RESOLVED,exact terminal field observed in captured raw FPL bootstrap object family,player
fpl,bootstrap-static.json,sample_payload,game_config.scoring.goals_scored.DEF,int,UNMAPPED_REVIEW,insufficient structural evidence,fpl\bootstrap-static.json,OPEN,,raw path/context or source-schema evidence,UNMAPPED_REVIEW,NOT_FOUND_IN_RAW_BOOTSTRAP,field path/terminal field not observed in captured raw bootstrap object families,
fpl,bootstrap-static.json,sample_payload,game_config.scoring.goals_scored.FWD,int,UNMAPPED_REVIEW,insufficient structural evidence,fpl\bootstrap-static.json,OPEN,,raw path/context or source-schema evidence,UNMAPPED_REVIEW,NOT_FOUND_IN_RAW_BOOTSTRAP,field path/terminal field not observed in captured raw bootstrap object families,
fpl,bootstrap-static.json,sample_payload,game_config.scoring.goals_scored.GKP,int,UNMAPPED_REVIEW,insufficient structural evidence,fpl\bootstrap-static.json,OPEN,,raw path/context or source-schema evidence,UNMAPPED_REVIEW,NOT_FOUND_IN_RAW_BOOTSTRAP,field path/terminal field not observed in captured raw bootstrap object families,
fpl,bootstrap-static.json,sample_payload,game_config.scoring.goals_scored.MID,int,UNMAPPED_REVIEW,insufficient structural evidence,fpl\bootstrap-static.json,OPEN,,raw path/context or source-schema evidence,UNMAPPED_REVIEW,NOT_FOUND_IN_RAW_BOOTSTRAP,field path/terminal field not observed in captured raw bootstrap object families,
fpl,bootstrap-static.json,sample_payload,game_config.scoring.ict_index,int,UNMAPPED_REVIEW,insufficient structural evidence,fpl\bootstrap-static.json,OPEN,,raw path/context or source-schema evidence,player,STRUCTURALLY_RESOLVED,exact terminal field observed in captured raw FPL bootstrap object family,player
fpl,bootstrap-static.json,sample_payload,game_config.scoring.influence,int,UNMAPPED_REVIEW,insufficient structural evidence,fpl\bootstrap-static.json,OPEN,,raw path/context or source-schema evidence,player,STRUCTURALLY_RESOLVED,exact terminal field observed in captured raw FPL bootstrap object family,player
fpl,bootstrap-static.json,sample_payload,game_config.scoring.long_play,int,UNMAPPED_REVIEW,insufficient structural evidence,fpl\bootstrap-static.json,OPEN,,raw path/context or source-schema evidence,UNMAPPED_REVIEW,NOT_FOUND_IN_RAW_BOOTSTRAP,field path/terminal field not observed in captured raw bootstrap object families,
fpl,bootstrap-static.json,sample_payload,game_config.scoring.mng_clean_sheets,object,UNMAPPED_REVIEW,insufficient structural evidence,fpl\bootstrap-static.json,OPEN,,raw path/context or source-schema evidence,UNMAPPED_REVIEW,NOT_FOUND_IN_RAW_BOOTSTRAP,field path/terminal field not observed in captured raw bootstrap object families,
fpl,bootstrap-static.json,sample_payload,game_config.scoring.mng_clean_sheets.DEF,int,UNMAPPED_REVIEW,insufficient structural evidence,fpl\bootstrap-static.json,OPEN,,raw path/context or source-schema evidence,UNMAPPED_REVIEW,NOT_FOUND_IN_RAW_BOOTSTRAP,field path/terminal field not observed in captured raw bootstrap object families,
fpl,bootstrap-static.json,sample_payload,game_config.scoring.mng_clean_sheets.FWD,int,UNMAPPED_REVIEW,insufficient structural evidence,fpl\bootstrap-static.json,OPEN,,raw path/context or source-schema evidence,UNMAPPED_REVIEW,NOT_FOUND_IN_RAW_BOOTSTRAP,field path/terminal field not observed in captured raw bootstrap object families,
fpl,bootstrap-static.json,sample_payload,game_config.scoring.mng_clean_sheets.GKP,int,UNMAPPED_REVIEW,insufficient structural evidence,fpl\bootstrap-static.json,OPEN,,raw path/context or source-schema evidence,UNMAPPED_REVIEW,NOT_FOUND_IN_RAW_BOOTSTRAP,field path/terminal field not observed in captured raw bootstrap object families,
fpl,bootstrap-static.json,sample_payload,game_config.scoring.mng_clean_sheets.MID,int,UNMAPPED_REVIEW,insufficient structural evidence,fpl\bootstrap-static.json,OPEN,,raw path/context or source-schema evidence,UNMAPPED_REVIEW,NOT_FOUND_IN_RAW_BOOTSTRAP,field path/terminal field not observed in captured raw bootstrap object families,
fpl,bootstrap-static.json,sample_payload,game_config.scoring.mng_draw,object,UNMAPPED_REVIEW,insufficient structural evidence,fpl\bootstrap-static.json,OPEN,,raw path/context or source-schema evidence,UNMAPPED_REVIEW,NOT_FOUND_IN_RAW_BOOTSTRAP,field path/terminal field not observed in captured raw bootstrap object families,
fpl,bootstrap-static.json,sample_payload,game_config.scoring.mng_draw.DEF,int,UNMAPPED_REVIEW,insufficient structural evidence,fpl\bootstrap-static.json,OPEN,,raw path/context or source-schema evidence,UNMAPPED_REVIEW,NOT_FOUND_IN_RAW_BOOTSTRAP,field path/terminal field not observed in captured raw bootstrap object families,
fpl,bootstrap-static.json,sample_payload,game_config.scoring.mng_draw.FWD,int,UNMAPPED_REVIEW,insufficient structural evidence,fpl\bootstrap-static.json,OPEN,,raw path/context or source-schema evidence,UNMAPPED_REVIEW,NOT_FOUND_IN_RAW_BOOTSTRAP,field path/terminal field not observed in captured raw bootstrap object families,
fpl,bootstrap-static.json,sample_payload,game_config.scoring.mng_draw.GKP,int,UNMAPPED_REVIEW,insufficient structural evidence,fpl\bootstrap-static.json,OPEN,,raw path/context or source-schema evidence,UNMAPPED_REVIEW,NOT_FOUND_IN_RAW_BOOTSTRAP,field path/terminal field not observed in captured raw bootstrap object families,
fpl,bootstrap-static.json,sample_payload,game_config.scoring.mng_draw.MID,int,UNMAPPED_REVIEW,insufficient structural evidence,fpl\bootstrap-static.json,OPEN,,raw path/context or source-schema evidence,UNMAPPED_REVIEW,NOT_FOUND_IN_RAW_BOOTSTRAP,field path/terminal field not observed in captured raw bootstrap object families,
fpl,bootstrap-static.json,sample_payload,game_config.scoring.mng_goals_scored,object,UNMAPPED_REVIEW,insufficient structural evidence,fpl\bootstrap-static.json,OPEN,,raw path/context or source-schema evidence,UNMAPPED_REVIEW,NOT_FOUND_IN_RAW_BOOTSTRAP,field path/terminal field not observed in captured raw bootstrap object families,
fpl,bootstrap-static.json,sample_payload,game_config.scoring.mng_goals_scored.DEF,int,UNMAPPED_REVIEW,insufficient structural evidence,fpl\bootstrap-static.json,OPEN,,raw path/context or source-schema evidence,UNMAPPED_REVIEW,NOT_FOUND_IN_RAW_BOOTSTRAP,field path/terminal field not observed in captured raw bootstrap object families,
fpl,bootstrap-static.json,sample_payload,game_config.scoring.mng_goals_scored.FWD,int,UNMAPPED_REVIEW,insufficient structural evidence,fpl\bootstrap-static.json,OPEN,,raw path/context or source-schema evidence,UNMAPPED_REVIEW,NOT_FOUND_IN_RAW_BOOTSTRAP,field path/terminal field not observed in captured raw bootstrap object families,
fpl,bootstrap-static.json,sample_payload,game_config.scoring.mng_goals_scored.GKP,int,UNMAPPED_REVIEW,insufficient structural evidence,fpl\bootstrap-static.json,OPEN,,raw path/context or source-schema evidence,UNMAPPED_REVIEW,NOT_FOUND_IN_RAW_BOOTSTRAP,field path/terminal field not observed in captured raw bootstrap object families,
fpl,bootstrap-static.json,sample_payload,game_config.scoring.mng_goals_scored.MID,int,UNMAPPED_REVIEW,insufficient structural evidence,fpl\bootstrap-static.json,OPEN,,raw path/context or source-schema evidence,UNMAPPED_REVIEW,NOT_FOUND_IN_RAW_BOOTSTRAP,field path/terminal field not observed in captured raw bootstrap object families,
fpl,bootstrap-static.json,sample_payload,game_config.scoring.mng_loss,int,UNMAPPED_REVIEW,insufficient structural evidence,fpl\bootstrap-static.json,OPEN,,raw path/context or source-schema evidence,UNMAPPED_REVIEW,NOT_FOUND_IN_RAW_BOOTSTRAP,field path/terminal field not observed in captured raw bootstrap object families,
fpl,bootstrap-static.json,sample_payload,game_config.scoring.mng_underdog_draw,object,UNMAPPED_REVIEW,insufficient structural evidence,fpl\bootstrap-static.json,OPEN,,raw path/context or source-schema evidence,UNMAPPED_REVIEW,NOT_FOUND_IN_RAW_BOOTSTRAP,field path/terminal field not observed in captured raw bootstrap object families,
fpl,bootstrap-static.json,sample_payload,game_config.scoring.mng_underdog_draw.DEF,int,UNMAPPED_REVIEW,insufficient structural evidence,fpl\bootstrap-static.json,OPEN,,raw path/context or source-schema evidence,UNMAPPED_REVIEW,NOT_FOUND_IN_RAW_BOOTSTRAP,field path/terminal field not observed in captured raw bootstrap object families,
fpl,bootstrap-static.json,sample_payload,game_config.scoring.mng_underdog_draw.FWD,int,UNMAPPED_REVIEW,insufficient structural evidence,fpl\bootstrap-static.json,OPEN,,raw path/context or source-schema evidence,UNMAPPED_REVIEW,NOT_FOUND_IN_RAW_BOOTSTRAP,field path/terminal field not observed in captured raw bootstrap object families,
fpl,bootstrap-static.json,sample_payload,game_config.scoring.mng_underdog_draw.GKP,int,UNMAPPED_REVIEW,insufficient structural evidence,fpl\bootstrap-static.json,OPEN,,raw path/context or source-schema evidence,UNMAPPED_REVIEW,NOT_FOUND_IN_RAW_BOOTSTRAP,field path/terminal field not observed in captured raw bootstrap object families,
fpl,bootstrap-static.json,sample_payload,game_config.scoring.mng_underdog_draw.MID,int,UNMAPPED_REVIEW,insufficient structural evidence,fpl\bootstrap-static.json,OPEN,,raw path/context or source-schema evidence,UNMAPPED_REVIEW,NOT_FOUND_IN_RAW_BOOTSTRAP,field path/terminal field not observed in captured raw bootstrap object families,
fpl,bootstrap-static.json,sample_payload,game_config.scoring.mng_underdog_win,object,UNMAPPED_REVIEW,insufficient structural evidence,fpl\bootstrap-static.json,OPEN,,raw path/context or source-schema evidence,UNMAPPED_REVIEW,NOT_FOUND_IN_RAW_BOOTSTRAP,field path/terminal field not observed in captured raw bootstrap object families,
fpl,bootstrap-static.json,sample_payload,game_config.scoring.mng_underdog_win.DEF,int,UNMAPPED_REVIEW,insufficient structural evidence,fpl\bootstrap-static.json,OPEN,,raw path/context or source-schema evidence,UNMAPPED_REVIEW,NOT_FOUND_IN_RAW_BOOTSTRAP,field path/terminal field not observed in captured raw bootstrap object families,
fpl,bootstrap-static.json,sample_payload,game_config.scoring.mng_underdog_win.FWD,int,UNMAPPED_REVIEW,insufficient structural evidence,fpl\bootstrap-static.json,OPEN,,raw path/context or source-schema evidence,UNMAPPED_REVIEW,NOT_FOUND_IN_RAW_BOOTSTRAP,field path/terminal field not observed in captured raw bootstrap object families,
fpl,bootstrap-static.json,sample_payload,game_config.scoring.mng_underdog_win.GKP,int,UNMAPPED_REVIEW,insufficient structural evidence,fpl\bootstrap-static.json,OPEN,,raw path/context or source-schema evidence,UNMAPPED_REVIEW,NOT_FOUND_IN_RAW_BOOTSTRAP,field path/terminal field not observed in captured raw bootstrap object families,
fpl,bootstrap-static.json,sample_payload,game_config.scoring.mng_underdog_win.MID,int,UNMAPPED_REVIEW,insufficient structural evidence,fpl\bootstrap-static.json,OPEN,,raw path/context or source-schema evidence,UNMAPPED_REVIEW,NOT_FOUND_IN_RAW_BOOTSTRAP,field path/terminal field not observed in captured raw bootstrap object families,
fpl,bootstrap-static.json,sample_payload,game_config.scoring.mng_win,object,UNMAPPED_REVIEW,insufficient structural evidence,fpl\bootstrap-static.json,OPEN,,raw path/context or source-schema evidence,UNMAPPED_REVIEW,NOT_FOUND_IN_RAW_BOOTSTRAP,field path/terminal field not observed in captured raw bootstrap object families,
fpl,bootstrap-static.json,sample_payload,game_config.scoring.mng_win.DEF,int,UNMAPPED_REVIEW,insufficient structural evidence,fpl\bootstrap-static.json,OPEN,,raw path/context or source-schema evidence,UNMAPPED_REVIEW,NOT_FOUND_IN_RAW_BOOTSTRAP,field path/terminal field not observed in captured raw bootstrap object families,
fpl,bootstrap-static.json,sample_payload,game_config.scoring.mng_win.FWD,int,UNMAPPED_REVIEW,insufficient structural evidence,fpl\bootstrap-static.json,OPEN,,raw path/context or source-schema evidence,UNMAPPED_REVIEW,NOT_FOUND_IN_RAW_BOOTSTRAP,field path/terminal field not observed in captured raw bootstrap object families,
fpl,bootstrap-static.json,sample_payload,game_config.scoring.mng_win.GKP,int,UNMAPPED_REVIEW,insufficient structural evidence,fpl\bootstrap-static.json,OPEN,,raw path/context or source-schema evidence,UNMAPPED_REVIEW,NOT_FOUND_IN_RAW_BOOTSTRAP,field path/terminal field not observed in captured raw bootstrap object families,
fpl,bootstrap-static.json,sample_payload,game_config.scoring.mng_win.MID,int,UNMAPPED_REVIEW,insufficient structural evidence,fpl\bootstrap-static.json,OPEN,,raw path/context or source-schema evidence,UNMAPPED_REVIEW,NOT_FOUND_IN_RAW_BOOTSTRAP,field path/terminal field not observed in captured raw bootstrap object families,
fpl,bootstrap-static.json,sample_payload,game_config.scoring.own_goals,int,UNMAPPED_REVIEW,insufficient structural evidence,fpl\bootstrap-static.json,OPEN,,raw path/context or source-schema evidence,player,STRUCTURALLY_RESOLVED,exact terminal field observed in captured raw FPL bootstrap object family,player
fpl,bootstrap-static.json,sample_payload,game_config.scoring.penalties_missed,int,UNMAPPED_REVIEW,insufficient structural evidence,fpl\bootstrap-static.json,OPEN,,raw path/context or source-schema evidence,player,STRUCTURALLY_RESOLVED,exact terminal field observed in captured raw FPL bootstrap object family,player
fpl,bootstrap-static.json,sample_payload,game_config.scoring.penalties_saved,int,UNMAPPED_REVIEW,insufficient structural evidence,fpl\bootstrap-static.json,OPEN,,raw path/context or source-schema evidence,player,STRUCTURALLY_RESOLVED,exact terminal field observed in captured raw FPL bootstrap object family,player
fpl,bootstrap-static.json,sample_payload,game_config.scoring.recoveries,int,UNMAPPED_REVIEW,insufficient structural evidence,fpl\bootstrap-static.json,OPEN,,raw path/context or source-schema evidence,player,STRUCTURALLY_RESOLVED,exact terminal field observed in captured raw FPL bootstrap object family,player
fpl,bootstrap-static.json,sample_payload,game_config.scoring.red_cards,int,UNMAPPED_REVIEW,insufficient structural evidence,fpl\bootstrap-static.json,OPEN,,raw path/context or source-schema evidence,player,STRUCTURALLY_RESOLVED,exact terminal field observed in captured raw FPL bootstrap object family,player
fpl,bootstrap-static.json,sample_payload,game_config.scoring.saves,int,UNMAPPED_REVIEW,insufficient structural evidence,fpl\bootstrap-static.json,OPEN,,raw path/context or source-schema evidence,player,STRUCTURALLY_RESOLVED,exact terminal field observed in captured raw FPL bootstrap object family,player
fpl,bootstrap-static.json,sample_payload,game_config.scoring.short_play,int,UNMAPPED_REVIEW,insufficient structural evidence,fpl\bootstrap-static.json,OPEN,,raw path/context or source-schema evidence,UNMAPPED_REVIEW,NOT_FOUND_IN_RAW_BOOTSTRAP,field path/terminal field not observed in captured raw bootstrap object families,
fpl,bootstrap-static.json,sample_payload,game_config.scoring.special_multiplier,int,UNMAPPED_REVIEW,insufficient structural evidence,fpl\bootstrap-static.json,OPEN,,raw path/context or source-schema evidence,UNMAPPED_REVIEW,NOT_FOUND_IN_RAW_BOOTSTRAP,field path/terminal field not observed in captured raw bootstrap object families,
fpl,bootstrap-static.json,sample_payload,game_config.scoring.starts,int,UNMAPPED_REVIEW,insufficient structural evidence,fpl\bootstrap-static.json,OPEN,,raw path/context or source-schema evidence,player,STRUCTURALLY_RESOLVED,exact terminal field observed in captured raw FPL bootstrap object family,player
fpl,bootstrap-static.json,sample_payload,game_config.scoring.tackles,int,UNMAPPED_REVIEW,insufficient structural evidence,fpl\bootstrap-static.json,OPEN,,raw path/context or source-schema evidence,player,STRUCTURALLY_RESOLVED,exact terminal field observed in captured raw FPL bootstrap object family,player
fpl,bootstrap-static.json,sample_payload,game_config.scoring.threat,int,UNMAPPED_REVIEW,insufficient structural evidence,fpl\bootstrap-static.json,OPEN,,raw path/context or source-schema evidence,player,STRUCTURALLY_RESOLVED,exact terminal field observed in captured raw FPL bootstrap object family,player
fpl,bootstrap-static.json,sample_payload,game_config.scoring.yellow_cards,int,UNMAPPED_REVIEW,insufficient structural evidence,fpl\bootstrap-static.json,OPEN,,raw path/context or source-schema evidence,player,STRUCTURALLY_RESOLVED,exact terminal field observed in captured raw FPL bootstrap object family,player
fpl,bootstrap-static.json,sample_payload,game_config.settings,object,UNMAPPED_REVIEW,insufficient structural evidence,fpl\bootstrap-static.json,OPEN,,raw path/context or source-schema evidence,UNMAPPED_REVIEW,NOT_FOUND_IN_RAW_BOOTSTRAP,field path/terminal field not observed in captured raw bootstrap object families,
fpl,bootstrap-static.json,sample_payload,game_config.settings.entry_per_event,bool,UNMAPPED_REVIEW,insufficient structural evidence,fpl\bootstrap-static.json,OPEN,,raw path/context or source-schema evidence,UNMAPPED_REVIEW,NOT_FOUND_IN_RAW_BOOTSTRAP,field path/terminal field not observed in captured raw bootstrap object families,
fpl,bootstrap-static.json,sample_payload,game_config.settings.price_change_deadlines,object,UNMAPPED_REVIEW,insufficient structural evidence,fpl\bootstrap-static.json,OPEN,,raw path/context or source-schema evidence,UNMAPPED_REVIEW,NOT_FOUND_IN_RAW_BOOTSTRAP,field path/terminal field not observed in captured raw bootstrap object families,
fpl,bootstrap-static.json,sample_payload,game_config.settings.static_content_url,str,UNMAPPED_REVIEW,insufficient structural evidence,fpl\bootstrap-static.json,OPEN,,raw path/context or source-schema evidence,UNMAPPED_REVIEW,NOT_FOUND_IN_RAW_BOOTSTRAP,field path/terminal field not observed in captured raw bootstrap object families,
fpl,bootstrap-static.json,sample_payload,game_config.settings.timezone,str,UNMAPPED_REVIEW,insufficient structural evidence,fpl\bootstrap-static.json,OPEN,,raw path/context or source-schema evidence,game_settings,STRUCTURALLY_RESOLVED,exact terminal field observed in captured raw FPL bootstrap object family,game_settings
fpl,bootstrap-static.json,sample_payload,game_settings,object,UNMAPPED_REVIEW,insufficient structural evidence,fpl\bootstrap-static.json,OPEN,,raw path/context or source-schema evidence,UNMAPPED_REVIEW,NOT_FOUND_IN_RAW_BOOTSTRAP,field path/terminal field not observed in captured raw bootstrap object families,
fpl,bootstrap-static.json,sample_payload,game_settings.cup_qualifying_method,NoneType,UNMAPPED_REVIEW,insufficient structural evidence,fpl\bootstrap-static.json,OPEN,,raw path/context or source-schema evidence,game_settings,STRUCTURALLY_RESOLVED,exact terminal field observed in captured raw FPL bootstrap object family,game_settings
fpl,bootstrap-static.json,sample_payload,game_settings.cup_start_event_id,NoneType,UNMAPPED_REVIEW,insufficient structural evidence,fpl\bootstrap-static.json,OPEN,,raw path/context or source-schema evidence,game_settings,STRUCTURALLY_RESOLVED,exact terminal field observed in captured raw FPL bootstrap object family,game_settings
fpl,bootstrap-static.json,sample_payload,game_settings.cup_stop_event_id,NoneType,UNMAPPED_REVIEW,insufficient structural evidence,fpl\bootstrap-static.json,OPEN,,raw path/context or source-schema evidence,game_settings,STRUCTURALLY_RESOLVED,exact terminal field observed in captured raw FPL bootstrap object family,game_settings
fpl,bootstrap-static.json,sample_payload,game_settings.cup_type,NoneType,UNMAPPED_REVIEW,insufficient structural evidence,fpl\bootstrap-static.json,OPEN,,raw path/context or source-schema evidence,game_settings,STRUCTURALLY_RESOLVED,exact terminal field observed in captured raw FPL bootstrap object family,game_settings
fpl,bootstrap-static.json,sample_payload,game_settings.featured_entries,object,UNMAPPED_REVIEW,insufficient structural evidence,fpl\bootstrap-static.json,OPEN,,raw path/context or source-schema evidence,game_settings,STRUCTURALLY_RESOLVED,exact terminal field observed in captured raw FPL bootstrap object family,game_settings
fpl,bootstrap-static.json,sample_payload,game_settings.league_h2h_tiebreak_stats,object,UNMAPPED_REVIEW,insufficient structural evidence,fpl\bootstrap-static.json,OPEN,,raw path/context or source-schema evidence,game_settings,STRUCTURALLY_RESOLVED,exact terminal field observed in captured raw FPL bootstrap object family,game_settings
fpl,bootstrap-static.json,sample_payload,game_settings.league_join_private_max,int,UNMAPPED_REVIEW,insufficient structural evidence,fpl\bootstrap-static.json,OPEN,,raw path/context or source-schema evidence,game_settings,STRUCTURALLY_RESOLVED,exact terminal field observed in captured raw FPL bootstrap object family,game_settings
fpl,bootstrap-static.json,sample_payload,game_settings.league_join_public_max,int,UNMAPPED_REVIEW,insufficient structural evidence,fpl\bootstrap-static.json,OPEN,,raw path/context or source-schema evidence,game_settings,STRUCTURALLY_RESOLVED,exact terminal field observed in captured raw FPL bootstrap object family,game_settings
fpl,bootstrap-static.json,sample_payload,game_settings.league_ko_first_instead_of_random,bool,UNMAPPED_REVIEW,insufficient structural evidence,fpl\bootstrap-static.json,OPEN,,raw path/context or source-schema evidence,game_settings,STRUCTURALLY_RESOLVED,exact terminal field observed in captured raw FPL bootstrap object family,game_settings
fpl,bootstrap-static.json,sample_payload,game_settings.league_max_ko_rounds_private_h2h,int,UNMAPPED_REVIEW,insufficient structural evidence,fpl\bootstrap-static.json,OPEN,,raw path/context or source-schema evidence,game_settings,STRUCTURALLY_RESOLVED,exact terminal field observed in captured raw FPL bootstrap object family,game_settings
fpl,bootstrap-static.json,sample_payload,game_settings.league_max_size_private_h2h,int,UNMAPPED_REVIEW,insufficient structural evidence,fpl\bootstrap-static.json,OPEN,,raw path/context or source-schema evidence,game_settings,STRUCTURALLY_RESOLVED,exact terminal field observed in captured raw FPL bootstrap object family,game_settings
fpl,bootstrap-static.json,sample_payload,game_settings.league_max_size_public_classic,int,UNMAPPED_REVIEW,insufficient structural evidence,fpl\bootstrap-static.json,OPEN,,raw path/context or source-schema evidence,game_settings,STRUCTURALLY_RESOLVED,exact terminal field observed in captured raw FPL bootstrap object family,game_settings
fpl,bootstrap-static.json,sample_payload,game_settings.league_max_size_public_h2h,int,UNMAPPED_REVIEW,insufficient structural evidence,fpl\bootstrap-static.json,OPEN,,raw path/context or source-schema evidence,game_settings,STRUCTURALLY_RESOLVED,exact terminal field observed in captured raw FPL bootstrap object family,game_settings
fpl,bootstrap-static.json,sample_payload,game_settings.league_points_h2h_draw,int,UNMAPPED_REVIEW,insufficient structural evidence,fpl\bootstrap-static.json,OPEN,,raw path/context or source-schema evidence,game_settings,STRUCTURALLY_RESOLVED,exact terminal field observed in captured raw FPL bootstrap object family,game_settings
fpl,bootstrap-static.json,sample_payload,game_settings.league_points_h2h_lose,int,UNMAPPED_REVIEW,insufficient structural evidence,fpl\bootstrap-static.json,OPEN,,raw path/context or source-schema evidence,game_settings,STRUCTURALLY_RESOLVED,exact terminal field observed in captured raw FPL bootstrap object family,game_settings
fpl,bootstrap-static.json,sample_payload,game_settings.league_points_h2h_win,int,UNMAPPED_REVIEW,insufficient structural evidence,fpl\bootstrap-static.json,OPEN,,raw path/context or source-schema evidence,game_settings,STRUCTURALLY_RESOLVED,exact terminal field observed in captured raw FPL bootstrap object family,game_settings
fpl,bootstrap-static.json,sample_payload,game_settings.league_prefix_public,str,UNMAPPED_REVIEW,insufficient structural evidence,fpl\bootstrap-static.json,OPEN,,raw path/context or source-schema evidence,game_settings,STRUCTURALLY_RESOLVED,exact terminal field observed in captured raw FPL bootstrap object family,game_settings
fpl,bootstrap-static.json,sample_payload,game_settings.max_extra_free_transfers,int,UNMAPPED_REVIEW,insufficient structural evidence,fpl\bootstrap-static.json,OPEN,,raw path/context or source-schema evidence,game_settings,STRUCTURALLY_RESOLVED,exact terminal field observed in captured raw FPL bootstrap object family,game_settings
fpl,bootstrap-static.json,sample_payload,game_settings.percentile_ranks,object,UNMAPPED_REVIEW,insufficient structural evidence,fpl\bootstrap-static.json,OPEN,,raw path/context or source-schema evidence,game_settings,STRUCTURALLY_RESOLVED,exact terminal field observed in captured raw FPL bootstrap object family,game_settings
fpl,bootstrap-static.json,sample_payload,game_settings.squad_special_max,NoneType,UNMAPPED_REVIEW,insufficient structural evidence,fpl\bootstrap-static.json,OPEN,,raw path/context or source-schema evidence,game_settings,STRUCTURALLY_RESOLVED,exact terminal field observed in captured raw FPL bootstrap object family,game_settings
fpl,bootstrap-static.json,sample_payload,game_settings.squad_special_min,NoneType,UNMAPPED_REVIEW,insufficient structural evidence,fpl\bootstrap-static.json,OPEN,,raw path/context or source-schema evidence,game_settings,STRUCTURALLY_RESOLVED,exact terminal field observed in captured raw FPL bootstrap object family,game_settings
fpl,bootstrap-static.json,sample_payload,game_settings.squad_squadplay,int,UNMAPPED_REVIEW,insufficient structural evidence,fpl\bootstrap-static.json,OPEN,,raw path/context or source-schema evidence,game_settings,STRUCTURALLY_RESOLVED,exact terminal field observed in captured raw FPL bootstrap object family,game_settings
fpl,bootstrap-static.json,sample_payload,game_settings.squad_squadsize,int,UNMAPPED_REVIEW,insufficient structural evidence,fpl\bootstrap-static.json,OPEN,,raw path/context or source-schema evidence,game_settings,STRUCTURALLY_RESOLVED,exact terminal field observed in captured raw FPL bootstrap object family,game_settings
fpl,bootstrap-static.json,sample_payload,game_settings.squad_total_spend,int,UNMAPPED_REVIEW,insufficient structural evidence,fpl\bootstrap-static.json,OPEN,,raw path/context or source-schema evidence,game_settings,STRUCTURALLY_RESOLVED,exact terminal field observed in captured raw FPL bootstrap object family,game_settings
fpl,bootstrap-static.json,sample_payload,game_settings.stats_form_days,int,UNMAPPED_REVIEW,insufficient structural evidence,fpl\bootstrap-static.json,OPEN,,raw path/context or source-schema evidence,game_settings,STRUCTURALLY_RESOLVED,exact terminal field observed in captured raw FPL bootstrap object family,game_settings
fpl,bootstrap-static.json,sample_payload,game_settings.sys_vice_captain_enabled,bool,UNMAPPED_REVIEW,insufficient structural evidence,fpl\bootstrap-static.json,OPEN,,raw path/context or source-schema evidence,game_settings,STRUCTURALLY_RESOLVED,exact terminal field observed in captured raw FPL bootstrap object family,game_settings
fpl,bootstrap-static.json,sample_payload,game_settings.timezone,str,UNMAPPED_REVIEW,insufficient structural evidence,fpl\bootstrap-static.json,OPEN,,raw path/context or source-schema evidence,game_settings,STRUCTURALLY_RESOLVED,exact terminal field observed in captured raw FPL bootstrap object family,game_settings
fpl,bootstrap-static.json,sample_payload,game_settings.transfers_cap,int,UNMAPPED_REVIEW,insufficient structural evidence,fpl\bootstrap-static.json,OPEN,,raw path/context or source-schema evidence,game_settings,STRUCTURALLY_RESOLVED,exact terminal field observed in captured raw FPL bootstrap object family,game_settings
fpl,bootstrap-static.json,sample_payload,game_settings.transfers_sell_on_fee,float,UNMAPPED_REVIEW,insufficient structural evidence,fpl\bootstrap-static.json,OPEN,,raw path/context or source-schema evidence,game_settings,STRUCTURALLY_RESOLVED,exact terminal field observed in captured raw FPL bootstrap object family,game_settings
fpl,bootstrap-static.json,sample_payload,game_settings.ui_currency_multiplier,int,UNMAPPED_REVIEW,insufficient structural evidence,fpl\bootstrap-static.json,OPEN,,raw path/context or source-schema evidence,game_settings,STRUCTURALLY_RESOLVED,exact terminal field observed in captured raw FPL bootstrap object family,game_settings
fpl,bootstrap-static.json,sample_payload,game_settings.ui_special_shirt_exclusions,object,UNMAPPED_REVIEW,insufficient structural evidence,fpl\bootstrap-static.json,OPEN,,raw path/context or source-schema evidence,game_settings,STRUCTURALLY_RESOLVED,exact terminal field observed in captured raw FPL bootstrap object family,game_settings
fpl,bootstrap-static.json,sample_payload,game_settings.ui_use_special_shirts,bool,UNMAPPED_REVIEW,insufficient structural evidence,fpl\bootstrap-static.json,OPEN,,raw path/context or source-schema evidence,game_settings,STRUCTURALLY_RESOLVED,exact terminal field observed in captured raw FPL bootstrap object family,game_settings
fpl,bootstrap-static.json,sample_payload,game_settings.underdog_differential,int,UNMAPPED_REVIEW,insufficient structural evidence,fpl\bootstrap-static.json,OPEN,,raw path/context or source-schema evidence,game_settings,STRUCTURALLY_RESOLVED,exact terminal field observed in captured raw FPL bootstrap object family,game_settings
fpl,bootstrap-static.json,sample_payload,phases,object,UNMAPPED_REVIEW,insufficient structural evidence,fpl\bootstrap-static.json,OPEN,,raw path/context or source-schema evidence,UNMAPPED_REVIEW,NOT_FOUND_IN_RAW_BOOTSTRAP,field path/terminal field not observed in captured raw bootstrap object families,
fpl,bootstrap-static.json,sample_payload,phases[].highest_score,int,UNMAPPED_REVIEW,insufficient structural evidence,fpl\bootstrap-static.json,OPEN,,raw path/context or source-schema evidence,phase,STRUCTURALLY_RESOLVED,exact terminal field observed in captured raw FPL bootstrap object family,phase
fpl,bootstrap-static.json,sample_payload,phases[].id,int,UNMAPPED_REVIEW,insufficient structural evidence,fpl\bootstrap-static.json,OPEN,,raw path/context or source-schema evidence,phase,STRUCTURALLY_RESOLVED,exact terminal field observed in captured raw FPL bootstrap object family,phase
fpl,bootstrap-static.json,sample_payload,phases[].name,str,UNMAPPED_REVIEW,insufficient structural evidence,fpl\bootstrap-static.json,OPEN,,raw path/context or source-schema evidence,phase,STRUCTURALLY_RESOLVED,exact terminal field observed in captured raw FPL bootstrap object family,phase
fpl,bootstrap-static.json,sample_payload,phases[].start_event,int,UNMAPPED_REVIEW,insufficient structural evidence,fpl\bootstrap-static.json,OPEN,,raw path/context or source-schema evidence,phase,STRUCTURALLY_RESOLVED,exact terminal field observed in captured raw FPL bootstrap object family,phase
fpl,bootstrap-static.json,sample_payload,phases[].stop_event,int,UNMAPPED_REVIEW,insufficient structural evidence,fpl\bootstrap-static.json,OPEN,,raw path/context or source-schema evidence,phase,STRUCTURALLY_RESOLVED,exact terminal field observed in captured raw FPL bootstrap object family,phase
fpl,element,sample_payload,fixtures,object,UNMAPPED_REVIEW,insufficient structural evidence,fpl\element-summary\element-1.json | fpl\element-summary\element-25.json | fpl\element-summary\element-4.json | fpl\element-summary\element-7.json,OPEN,,raw path/context or source-schema evidence,UNMAPPED_REVIEW,NOT_FOUND_IN_RAW_BOOTSTRAP,field path/terminal field not observed in captured raw bootstrap object families,
fpl,element,sample_payload,fixtures[].code,int,UNMAPPED_REVIEW,insufficient structural evidence,fpl\element-summary\element-1.json | fpl\element-summary\element-25.json | fpl\element-summary\element-4.json | fpl\element-summary\element-7.json,OPEN,,raw path/context or source-schema evidence,UNMAPPED_REVIEW,AMBIGUOUS_RAW_BOOTSTRAP_GRAIN,terminal field occurs in multiple captured bootstrap object families,player;team
fpl,element,sample_payload,fixtures[].difficulty,int,UNMAPPED_REVIEW,insufficient structural evidence,fpl\element-summary\element-1.json | fpl\element-summary\element-25.json | fpl\element-summary\element-4.json | fpl\element-summary\element-7.json,OPEN,,raw path/context or source-schema evidence,UNMAPPED_REVIEW,NOT_FOUND_IN_RAW_BOOTSTRAP,field path/terminal field not observed in captured raw bootstrap object families,
fpl,element,sample_payload,fixtures[].event,int,UNMAPPED_REVIEW,insufficient structural evidence,fpl\element-summary\element-1.json | fpl\element-summary\element-25.json | fpl\element-summary\element-4.json | fpl\element-summary\element-7.json,OPEN,,raw path/context or source-schema evidence,UNMAPPED_REVIEW,NOT_FOUND_IN_RAW_BOOTSTRAP,field path/terminal field not observed in captured raw bootstrap object families,
fpl,element,sample_payload,fixtures[].event_name,str,UNMAPPED_REVIEW,insufficient structural evidence,fpl\element-summary\element-1.json | fpl\element-summary\element-25.json | fpl\element-summary\element-4.json | fpl\element-summary\element-7.json,OPEN,,raw path/context or source-schema evidence,UNMAPPED_REVIEW,NOT_FOUND_IN_RAW_BOOTSTRAP,field path/terminal field not observed in captured raw bootstrap object families,
fpl,element,sample_payload,fixtures[].finished,bool,UNMAPPED_REVIEW,insufficient structural evidence,fpl\element-summary\element-1.json | fpl\element-summary\element-25.json | fpl\element-summary\element-4.json | fpl\element-summary\element-7.json,OPEN,,raw path/context or source-schema evidence,gameweek,STRUCTURALLY_RESOLVED,exact terminal field observed in captured raw FPL bootstrap object family,gameweek
fpl,element,sample_payload,fixtures[].id,int,UNMAPPED_REVIEW,insufficient structural evidence,fpl\element-summary\element-1.json | fpl\element-summary\element-25.json | fpl\element-summary\element-4.json | fpl\element-summary\element-7.json,OPEN,,raw path/context or source-schema evidence,UNMAPPED_REVIEW,AMBIGUOUS_RAW_BOOTSTRAP_GRAIN,terminal field occurs in multiple captured bootstrap object families,gameweek;phase;player;position_type;team
fpl,element,sample_payload,fixtures[].is_home,bool,UNMAPPED_REVIEW,insufficient structural evidence,fpl\element-summary\element-1.json | fpl\element-summary\element-25.json | fpl\element-summary\element-4.json | fpl\element-summary\element-7.json,OPEN,,raw path/context or source-schema evidence,UNMAPPED_REVIEW,NOT_FOUND_IN_RAW_BOOTSTRAP,field path/terminal field not observed in captured raw bootstrap object families,
fpl,element,sample_payload,fixtures[].kickoff_time,str,UNMAPPED_REVIEW,insufficient structural evidence,fpl\element-summary\element-1.json | fpl\element-summary\element-25.json | fpl\element-summary\element-4.json | fpl\element-summary\element-7.json,OPEN,,raw path/context or source-schema evidence,UNMAPPED_REVIEW,NOT_FOUND_IN_RAW_BOOTSTRAP,field path/terminal field not observed in captured raw bootstrap object families,
fpl,element,sample_payload,fixtures[].minutes,int,UNMAPPED_REVIEW,insufficient structural evidence,fpl\element-summary\element-1.json | fpl\element-summary\element-25.json | fpl\element-summary\element-4.json | fpl\element-summary\element-7.json,OPEN,,raw path/context or source-schema evidence,player,STRUCTURALLY_RESOLVED,exact terminal field observed in captured raw FPL bootstrap object family,player
fpl,element,sample_payload,fixtures[].provisional_start_time,bool,UNMAPPED_REVIEW,insufficient structural evidence,fpl\element-summary\element-1.json | fpl\element-summary\element-25.json | fpl\element-summary\element-4.json | fpl\element-summary\element-7.json,OPEN,,raw path/context or source-schema evidence,UNMAPPED_REVIEW,NOT_FOUND_IN_RAW_BOOTSTRAP,field path/terminal field not observed in captured raw bootstrap object families,
fpl,element,sample_payload,history,object,UNMAPPED_REVIEW,insufficient structural evidence,fpl\element-summary\element-1.json | fpl\element-summary\element-25.json | fpl\element-summary\element-4.json | fpl\element-summary\element-7.json,OPEN,,raw path/context or source-schema evidence,UNMAPPED_REVIEW,NOT_FOUND_IN_RAW_BOOTSTRAP,field path/terminal field not observed in captured raw bootstrap object families,
fpl,element,sample_payload,history[].assists,int,UNMAPPED_REVIEW,insufficient structural evidence,fpl\element-summary\element-1.json | fpl\element-summary\element-25.json | fpl\element-summary\element-4.json | fpl\element-summary\element-7.json,OPEN,,raw path/context or source-schema evidence,player,STRUCTURALLY_RESOLVED,exact terminal field observed in captured raw FPL bootstrap object family,player
fpl,element,sample_payload,history[].bonus,int,UNMAPPED_REVIEW,insufficient structural evidence,fpl\element-summary\element-1.json | fpl\element-summary\element-25.json | fpl\element-summary\element-4.json | fpl\element-summary\element-7.json,OPEN,,raw path/context or source-schema evidence,player,STRUCTURALLY_RESOLVED,exact terminal field observed in captured raw FPL bootstrap object family,player
fpl,element,sample_payload,history[].bps,int,UNMAPPED_REVIEW,insufficient structural evidence,fpl\element-summary\element-1.json | fpl\element-summary\element-25.json | fpl\element-summary\element-4.json | fpl\element-summary\element-7.json,OPEN,,raw path/context or source-schema evidence,player,STRUCTURALLY_RESOLVED,exact terminal field observed in captured raw FPL bootstrap object family,player
fpl,element,sample_payload,history[].clean_sheets,int,UNMAPPED_REVIEW,insufficient structural evidence,fpl\element-summary\element-1.json | fpl\element-summary\element-25.json | fpl\element-summary\element-4.json | fpl\element-summary\element-7.json,OPEN,,raw path/context or source-schema evidence,player,STRUCTURALLY_RESOLVED,exact terminal field observed in captured raw FPL bootstrap object family,player
fpl,element,sample_payload,history[].clearances_blocks_interceptions,int,UNMAPPED_REVIEW,insufficient structural evidence,fpl\element-summary\element-1.json | fpl\element-summary\element-25.json | fpl\element-summary\element-4.json | fpl\element-summary\element-7.json,OPEN,,raw path/context or source-schema evidence,player,STRUCTURALLY_RESOLVED,exact terminal field observed in captured raw FPL bootstrap object family,player
fpl,element,sample_payload,history[].creativity,str,UNMAPPED_REVIEW,insufficient structural evidence,fpl\element-summary\element-1.json | fpl\element-summary\element-25.json | fpl\element-summary\element-4.json | fpl\element-summary\element-7.json,OPEN,,raw path/context or source-schema evidence,player,STRUCTURALLY_RESOLVED,exact terminal field observed in captured raw FPL bootstrap object family,player
fpl,element,sample_payload,history[].defensive_contribution,int,UNMAPPED_REVIEW,insufficient structural evidence,fpl\element-summary\element-1.json | fpl\element-summary\element-25.json | fpl\element-summary\element-4.json | fpl\element-summary\element-7.json,OPEN,,raw path/context or source-schema evidence,player,STRUCTURALLY_RESOLVED,exact terminal field observed in captured raw FPL bootstrap object family,player
fpl,element,sample_payload,history[].expected_assists,str,UNMAPPED_REVIEW,insufficient structural evidence,fpl\element-summary\element-1.json | fpl\element-summary\element-25.json | fpl\element-summary\element-4.json | fpl\element-summary\element-7.json,OPEN,,raw path/context or source-schema evidence,player,STRUCTURALLY_RESOLVED,exact terminal field observed in captured raw FPL bootstrap object family,player
fpl,element,sample_payload,history[].expected_goal_involvements,str,UNMAPPED_REVIEW,insufficient structural evidence,fpl\element-summary\element-1.json | fpl\element-summary\element-25.json | fpl\element-summary\element-4.json | fpl\element-summary\element-7.json,OPEN,,raw path/context or source-schema evidence,player,STRUCTURALLY_RESOLVED,exact terminal field observed in captured raw FPL bootstrap object family,player
fpl,element,sample_payload,history[].expected_goals,str,UNMAPPED_REVIEW,insufficient structural evidence,fpl\element-summary\element-1.json | fpl\element-summary\element-25.json | fpl\element-summary\element-4.json | fpl\element-summary\element-7.json,OPEN,,raw path/context or source-schema evidence,player,STRUCTURALLY_RESOLVED,exact terminal field observed in captured raw FPL bootstrap object family,player
fpl,element,sample_payload,history[].expected_goals_conceded,str,UNMAPPED_REVIEW,insufficient structural evidence,fpl\element-summary\element-1.json | fpl\element-summary\element-25.json | fpl\element-summary\element-4.json | fpl\element-summary\element-7.json,OPEN,,raw path/context or source-schema evidence,player,STRUCTURALLY_RESOLVED,exact terminal field observed in captured raw FPL bootstrap object family,player
fpl,element,sample_payload,history[].fixture,int,UNMAPPED_REVIEW,insufficient structural evidence,fpl\element-summary\element-1.json | fpl\element-summary\element-25.json | fpl\element-summary\element-4.json | fpl\element-summary\element-7.json,OPEN,,raw path/context or source-schema evidence,UNMAPPED_REVIEW,NOT_FOUND_IN_RAW_BOOTSTRAP,field path/terminal field not observed in captured raw bootstrap object families,
fpl,element,sample_payload,history[].goals_conceded,int,UNMAPPED_REVIEW,insufficient structural evidence,fpl\element-summary\element-1.json | fpl\element-summary\element-25.json | fpl\element-summary\element-4.json | fpl\element-summary\element-7.json,OPEN,,raw path/context or source-schema evidence,player,STRUCTURALLY_RESOLVED,exact terminal field observed in captured raw FPL bootstrap object family,player
fpl,element,sample_payload,history[].goals_scored,int,UNMAPPED_REVIEW,insufficient structural evidence,fpl\element-summary\element-1.json | fpl\element-summary\element-25.json | fpl\element-summary\element-4.json | fpl\element-summary\element-7.json,OPEN,,raw path/context or source-schema evidence,player,STRUCTURALLY_RESOLVED,exact terminal field observed in captured raw FPL bootstrap object family,player
fpl,element,sample_payload,history[].ict_index,str,UNMAPPED_REVIEW,insufficient structural evidence,fpl\element-summary\element-1.json | fpl\element-summary\element-25.json | fpl\element-summary\element-4.json | fpl\element-summary\element-7.json,OPEN,,raw path/context or source-schema evidence,player,STRUCTURALLY_RESOLVED,exact terminal field observed in captured raw FPL bootstrap object family,player
fpl,element,sample_payload,history[].influence,str,UNMAPPED_REVIEW,insufficient structural evidence,fpl\element-summary\element-1.json | fpl\element-summary\element-25.json | fpl\element-summary\element-4.json | fpl\element-summary\element-7.json,OPEN,,raw path/context or source-schema evidence,player,STRUCTURALLY_RESOLVED,exact terminal field observed in captured raw FPL bootstrap object family,player
fpl,element,sample_payload,history[].kickoff_time,str,UNMAPPED_REVIEW,insufficient structural evidence,fpl\element-summary\element-1.json | fpl\element-summary\element-25.json | fpl\element-summary\element-4.json | fpl\element-summary\element-7.json,OPEN,,raw path/context or source-schema evidence,UNMAPPED_REVIEW,NOT_FOUND_IN_RAW_BOOTSTRAP,field path/terminal field not observed in captured raw bootstrap object families,
fpl,element,sample_payload,history[].minutes,int,UNMAPPED_REVIEW,insufficient structural evidence,fpl\element-summary\element-1.json | fpl\element-summary\element-25.json | fpl\element-summary\element-4.json | fpl\element-summary\element-7.json,OPEN,,raw path/context or source-schema evidence,player,STRUCTURALLY_RESOLVED,exact terminal field observed in captured raw FPL bootstrap object family,player
fpl,element,sample_payload,history[].modified,bool,UNMAPPED_REVIEW,insufficient structural evidence,fpl\element-summary\element-1.json | fpl\element-summary\element-25.json | fpl\element-summary\element-4.json | fpl\element-summary\element-7.json,OPEN,,raw path/context or source-schema evidence,UNMAPPED_REVIEW,NOT_FOUND_IN_RAW_BOOTSTRAP,field path/terminal field not observed in captured raw bootstrap object families,
fpl,element,sample_payload,history[].own_goals,int,UNMAPPED_REVIEW,insufficient structural evidence,fpl\element-summary\element-1.json | fpl\element-summary\element-25.json | fpl\element-summary\element-4.json | fpl\element-summary\element-7.json,OPEN,,raw path/context or source-schema evidence,player,STRUCTURALLY_RESOLVED,exact terminal field observed in captured raw FPL bootstrap object family,player
fpl,element,sample_payload,history[].penalties_missed,int,UNMAPPED_REVIEW,insufficient structural evidence,fpl\element-summary\element-1.json | fpl\element-summary\element-25.json | fpl\element-summary\element-4.json | fpl\element-summary\element-7.json,OPEN,,raw path/context or source-schema evidence,player,STRUCTURALLY_RESOLVED,exact terminal field observed in captured raw FPL bootstrap object family,player
fpl,element,sample_payload,history[].penalties_saved,int,UNMAPPED_REVIEW,insufficient structural evidence,fpl\element-summary\element-1.json | fpl\element-summary\element-25.json | fpl\element-summary\element-4.json | fpl\element-summary\element-7.json,OPEN,,raw path/context or source-schema evidence,player,STRUCTURALLY_RESOLVED,exact terminal field observed in captured raw FPL bootstrap object family,player
fpl,element,sample_payload,history[].recoveries,int,UNMAPPED_REVIEW,insufficient structural evidence,fpl\element-summary\element-1.json | fpl\element-summary\element-25.json | fpl\element-summary\element-4.json | fpl\element-summary\element-7.json,OPEN,,raw path/context or source-schema evidence,player,STRUCTURALLY_RESOLVED,exact terminal field observed in captured raw FPL bootstrap object family,player
fpl,element,sample_payload,history[].red_cards,int,UNMAPPED_REVIEW,insufficient structural evidence,fpl\element-summary\element-1.json | fpl\element-summary\element-25.json | fpl\element-summary\element-4.json | fpl\element-summary\element-7.json,OPEN,,raw path/context or source-schema evidence,player,STRUCTURALLY_RESOLVED,exact terminal field observed in captured raw FPL bootstrap object family,player
fpl,element,sample_payload,history[].round,int,UNMAPPED_REVIEW,insufficient structural evidence,fpl\element-summary\element-1.json | fpl\element-summary\element-25.json | fpl\element-summary\element-4.json | fpl\element-summary\element-7.json,OPEN,,raw path/context or source-schema evidence,UNMAPPED_REVIEW,NOT_FOUND_IN_RAW_BOOTSTRAP,field path/terminal field not observed in captured raw bootstrap object families,
fpl,element,sample_payload,history[].saves,int,UNMAPPED_REVIEW,insufficient structural evidence,fpl\element-summary\element-1.json | fpl\element-summary\element-25.json | fpl\element-summary\element-4.json | fpl\element-summary\element-7.json,OPEN,,raw path/context or source-schema evidence,player,STRUCTURALLY_RESOLVED,exact terminal field observed in captured raw FPL bootstrap object family,player
fpl,element,sample_payload,history[].selected,int,UNMAPPED_REVIEW,insufficient structural evidence,fpl\element-summary\element-1.json | fpl\element-summary\element-25.json | fpl\element-summary\element-4.json | fpl\element-summary\element-7.json,OPEN,,raw path/context or source-schema evidence,UNMAPPED_REVIEW,NOT_FOUND_IN_RAW_BOOTSTRAP,field path/terminal field not observed in captured raw bootstrap object families,
fpl,element,sample_payload,history[].starts,int,UNMAPPED_REVIEW,insufficient structural evidence,fpl\element-summary\element-1.json | fpl\element-summary\element-25.json | fpl\element-summary\element-4.json | fpl\element-summary\element-7.json,OPEN,,raw path/context or source-schema evidence,player,STRUCTURALLY_RESOLVED,exact terminal field observed in captured raw FPL bootstrap object family,player
fpl,element,sample_payload,history[].tackles,int,UNMAPPED_REVIEW,insufficient structural evidence,fpl\element-summary\element-1.json | fpl\element-summary\element-25.json | fpl\element-summary\element-4.json | fpl\element-summary\element-7.json,OPEN,,raw path/context or source-schema evidence,player,STRUCTURALLY_RESOLVED,exact terminal field observed in captured raw FPL bootstrap object family,player
fpl,element,sample_payload,history[].threat,str,UNMAPPED_REVIEW,insufficient structural evidence,fpl\element-summary\element-1.json | fpl\element-summary\element-25.json | fpl\element-summary\element-4.json | fpl\element-summary\element-7.json,OPEN,,raw path/context or source-schema evidence,player,STRUCTURALLY_RESOLVED,exact terminal field observed in captured raw FPL bootstrap object family,player
fpl,element,sample_payload,history[].total_points,int,UNMAPPED_REVIEW,insufficient structural evidence,fpl\element-summary\element-1.json | fpl\element-summary\element-25.json | fpl\element-summary\element-4.json | fpl\element-summary\element-7.json,OPEN,,raw path/context or source-schema evidence,player,STRUCTURALLY_RESOLVED,exact terminal field observed in captured raw FPL bootstrap object family,player
fpl,element,sample_payload,history[].transfers_balance,int,UNMAPPED_REVIEW,insufficient structural evidence,fpl\element-summary\element-1.json | fpl\element-summary\element-25.json | fpl\element-summary\element-4.json | fpl\element-summary\element-7.json,OPEN,,raw path/context or source-schema evidence,UNMAPPED_REVIEW,NOT_FOUND_IN_RAW_BOOTSTRAP,field path/terminal field not observed in captured raw bootstrap object families,
fpl,element,sample_payload,history[].transfers_in,int,UNMAPPED_REVIEW,insufficient structural evidence,fpl\element-summary\element-1.json | fpl\element-summary\element-25.json | fpl\element-summary\element-4.json | fpl\element-summary\element-7.json,OPEN,,raw path/context or source-schema evidence,player,STRUCTURALLY_RESOLVED,exact terminal field observed in captured raw FPL bootstrap object family,player
fpl,element,sample_payload,history[].transfers_out,int,UNMAPPED_REVIEW,insufficient structural evidence,fpl\element-summary\element-1.json | fpl\element-summary\element-25.json | fpl\element-summary\element-4.json | fpl\element-summary\element-7.json,OPEN,,raw path/context or source-schema evidence,player,STRUCTURALLY_RESOLVED,exact terminal field observed in captured raw FPL bootstrap object family,player
fpl,element,sample_payload,history[].value,int,UNMAPPED_REVIEW,insufficient structural evidence,fpl\element-summary\element-1.json | fpl\element-summary\element-25.json | fpl\element-summary\element-4.json | fpl\element-summary\element-7.json,OPEN,,raw path/context or source-schema evidence,UNMAPPED_REVIEW,NOT_FOUND_IN_RAW_BOOTSTRAP,field path/terminal field not observed in captured raw bootstrap object families,
fpl,element,sample_payload,history[].was_home,bool,UNMAPPED_REVIEW,insufficient structural evidence,fpl\element-summary\element-1.json | fpl\element-summary\element-25.json | fpl\element-summary\element-4.json | fpl\element-summary\element-7.json,OPEN,,raw path/context or source-schema evidence,UNMAPPED_REVIEW,NOT_FOUND_IN_RAW_BOOTSTRAP,field path/terminal field not observed in captured raw bootstrap object families,
fpl,element,sample_payload,history[].yellow_cards,int,UNMAPPED_REVIEW,insufficient structural evidence,fpl\element-summary\element-1.json | fpl\element-summary\element-25.json | fpl\element-summary\element-4.json | fpl\element-summary\element-7.json,OPEN,,raw path/context or source-schema evidence,player,STRUCTURALLY_RESOLVED,exact terminal field observed in captured raw FPL bootstrap object family,player
fpl,element,sample_payload,history_past,object,UNMAPPED_REVIEW,insufficient structural evidence,fpl\element-summary\element-1.json | fpl\element-summary\element-25.json | fpl\element-summary\element-4.json | fpl\element-summary\element-7.json,OPEN,,raw path/context or source-schema evidence,UNMAPPED_REVIEW,NOT_FOUND_IN_RAW_BOOTSTRAP,field path/terminal field not observed in captured raw bootstrap object families,
fpl,element,sample_payload,history_past[].assists,int,UNMAPPED_REVIEW,insufficient structural evidence,fpl\element-summary\element-1.json | fpl\element-summary\element-25.json | fpl\element-summary\element-4.json | fpl\element-summary\element-7.json,OPEN,,raw path/context or source-schema evidence,player,STRUCTURALLY_RESOLVED,exact terminal field observed in captured raw FPL bootstrap object family,player
fpl,element,sample_payload,history_past[].bonus,int,UNMAPPED_REVIEW,insufficient structural evidence,fpl\element-summary\element-1.json | fpl\element-summary\element-25.json | fpl\element-summary\element-4.json | fpl\element-summary\element-7.json,OPEN,,raw path/context or source-schema evidence,player,STRUCTURALLY_RESOLVED,exact terminal field observed in captured raw FPL bootstrap object family,player
fpl,element,sample_payload,history_past[].bps,int,UNMAPPED_REVIEW,insufficient structural evidence,fpl\element-summary\element-1.json | fpl\element-summary\element-25.json | fpl\element-summary\element-4.json | fpl\element-summary\element-7.json,OPEN,,raw path/context or source-schema evidence,player,STRUCTURALLY_RESOLVED,exact terminal field observed in captured raw FPL bootstrap object family,player
fpl,element,sample_payload,history_past[].clean_sheets,int,UNMAPPED_REVIEW,insufficient structural evidence,fpl\element-summary\element-1.json | fpl\element-summary\element-25.json | fpl\element-summary\element-4.json | fpl\element-summary\element-7.json,OPEN,,raw path/context or source-schema evidence,player,STRUCTURALLY_RESOLVED,exact terminal field observed in captured raw FPL bootstrap object family,player
fpl,element,sample_payload,history_past[].clearances_blocks_interceptions,int,UNMAPPED_REVIEW,insufficient structural evidence,fpl\element-summary\element-1.json | fpl\element-summary\element-25.json | fpl\element-summary\element-4.json | fpl\element-summary\element-7.json,OPEN,,raw path/context or source-schema evidence,player,STRUCTURALLY_RESOLVED,exact terminal field observed in captured raw FPL bootstrap object family,player
fpl,element,sample_payload,history_past[].creativity,str,UNMAPPED_REVIEW,insufficient structural evidence,fpl\element-summary\element-1.json | fpl\element-summary\element-25.json | fpl\element-summary\element-4.json | fpl\element-summary\element-7.json,OPEN,,raw path/context or source-schema evidence,player,STRUCTURALLY_RESOLVED,exact terminal field observed in captured raw FPL bootstrap object family,player
fpl,element,sample_payload,history_past[].defensive_contribution,int,UNMAPPED_REVIEW,insufficient structural evidence,fpl\element-summary\element-1.json | fpl\element-summary\element-25.json | fpl\element-summary\element-4.json | fpl\element-summary\element-7.json,OPEN,,raw path/context or source-schema evidence,player,STRUCTURALLY_RESOLVED,exact terminal field observed in captured raw FPL bootstrap object family,player
fpl,element,sample_payload,history_past[].end_cost,int,UNMAPPED_REVIEW,insufficient structural evidence,fpl\element-summary\element-1.json | fpl\element-summary\element-25.json | fpl\element-summary\element-4.json | fpl\element-summary\element-7.json,OPEN,,raw path/context or source-schema evidence,UNMAPPED_REVIEW,NOT_FOUND_IN_RAW_BOOTSTRAP,field path/terminal field not observed in captured raw bootstrap object families,
fpl,element,sample_payload,history_past[].expected_assists,str,UNMAPPED_REVIEW,insufficient structural evidence,fpl\element-summary\element-1.json | fpl\element-summary\element-25.json | fpl\element-summary\element-4.json | fpl\element-summary\element-7.json,OPEN,,raw path/context or source-schema evidence,player,STRUCTURALLY_RESOLVED,exact terminal field observed in captured raw FPL bootstrap object family,player
fpl,element,sample_payload,history_past[].expected_goal_involvements,str,UNMAPPED_REVIEW,insufficient structural evidence,fpl\element-summary\element-1.json | fpl\element-summary\element-25.json | fpl\element-summary\element-4.json | fpl\element-summary\element-7.json,OPEN,,raw path/context or source-schema evidence,player,STRUCTURALLY_RESOLVED,exact terminal field observed in captured raw FPL bootstrap object family,player
fpl,element,sample_payload,history_past[].expected_goals,str,UNMAPPED_REVIEW,insufficient structural evidence,fpl\element-summary\element-1.json | fpl\element-summary\element-25.json | fpl\element-summary\element-4.json | fpl\element-summary\element-7.json,OPEN,,raw path/context or source-schema evidence,player,STRUCTURALLY_RESOLVED,exact terminal field observed in captured raw FPL bootstrap object family,player
fpl,element,sample_payload,history_past[].expected_goals_conceded,str,UNMAPPED_REVIEW,insufficient structural evidence,fpl\element-summary\element-1.json | fpl\element-summary\element-25.json | fpl\element-summary\element-4.json | fpl\element-summary\element-7.json,OPEN,,raw path/context or source-schema evidence,player,STRUCTURALLY_RESOLVED,exact terminal field observed in captured raw FPL bootstrap object family,player
fpl,element,sample_payload,history_past[].goals_conceded,int,UNMAPPED_REVIEW,insufficient structural evidence,fpl\element-summary\element-1.json | fpl\element-summary\element-25.json | fpl\element-summary\element-4.json | fpl\element-summary\element-7.json,OPEN,,raw path/context or source-schema evidence,player,STRUCTURALLY_RESOLVED,exact terminal field observed in captured raw FPL bootstrap object family,player
fpl,element,sample_payload,history_past[].goals_scored,int,UNMAPPED_REVIEW,insufficient structural evidence,fpl\element-summary\element-1.json | fpl\element-summary\element-25.json | fpl\element-summary\element-4.json | fpl\element-summary\element-7.json,OPEN,,raw path/context or source-schema evidence,player,STRUCTURALLY_RESOLVED,exact terminal field observed in captured raw FPL bootstrap object family,player
fpl,element,sample_payload,history_past[].ict_index,str,UNMAPPED_REVIEW,insufficient structural evidence,fpl\element-summary\element-1.json | fpl\element-summary\element-25.json | fpl\element-summary\element-4.json | fpl\element-summary\element-7.json,OPEN,,raw path/context or source-schema evidence,player,STRUCTURALLY_RESOLVED,exact terminal field observed in captured raw FPL bootstrap object family,player
fpl,element,sample_payload,history_past[].influence,str,UNMAPPED_REVIEW,insufficient structural evidence,fpl\element-summary\element-1.json | fpl\element-summary\element-25.json | fpl\element-summary\element-4.json | fpl\element-summary\element-7.json,OPEN,,raw path/context or source-schema evidence,player,STRUCTURALLY_RESOLVED,exact terminal field observed in captured raw FPL bootstrap object family,player
fpl,element,sample_payload,history_past[].minutes,int,UNMAPPED_REVIEW,insufficient structural evidence,fpl\element-summary\element-1.json | fpl\element-summary\element-25.json | fpl\element-summary\element-4.json | fpl\element-summary\element-7.json,OPEN,,raw path/context or source-schema evidence,player,STRUCTURALLY_RESOLVED,exact terminal field observed in captured raw FPL bootstrap object family,player
fpl,element,sample_payload,history_past[].own_goals,int,UNMAPPED_REVIEW,insufficient structural evidence,fpl\element-summary\element-1.json | fpl\element-summary\element-25.json | fpl\element-summary\element-4.json | fpl\element-summary\element-7.json,OPEN,,raw path/context or source-schema evidence,player,STRUCTURALLY_RESOLVED,exact terminal field observed in captured raw FPL bootstrap object family,player
fpl,element,sample_payload,history_past[].penalties_missed,int,UNMAPPED_REVIEW,insufficient structural evidence,fpl\element-summary\element-1.json | fpl\element-summary\element-25.json | fpl\element-summary\element-4.json | fpl\element-summary\element-7.json,OPEN,,raw path/context or source-schema evidence,player,STRUCTURALLY_RESOLVED,exact terminal field observed in captured raw FPL bootstrap object family,player
fpl,element,sample_payload,history_past[].penalties_saved,int,UNMAPPED_REVIEW,insufficient structural evidence,fpl\element-summary\element-1.json | fpl\element-summary\element-25.json | fpl\element-summary\element-4.json | fpl\element-summary\element-7.json,OPEN,,raw path/context or source-schema evidence,player,STRUCTURALLY_RESOLVED,exact terminal field observed in captured raw FPL bootstrap object family,player
fpl,element,sample_payload,history_past[].recoveries,int,UNMAPPED_REVIEW,insufficient structural evidence,fpl\element-summary\element-1.json | fpl\element-summary\element-25.json | fpl\element-summary\element-4.json | fpl\element-summary\element-7.json,OPEN,,raw path/context or source-schema evidence,player,STRUCTURALLY_RESOLVED,exact terminal field observed in captured raw FPL bootstrap object family,player
fpl,element,sample_payload,history_past[].red_cards,int,UNMAPPED_REVIEW,insufficient structural evidence,fpl\element-summary\element-1.json | fpl\element-summary\element-25.json | fpl\element-summary\element-4.json | fpl\element-summary\element-7.json,OPEN,,raw path/context or source-schema evidence,player,STRUCTURALLY_RESOLVED,exact terminal field observed in captured raw FPL bootstrap object family,player
fpl,element,sample_payload,history_past[].saves,int,UNMAPPED_REVIEW,insufficient structural evidence,fpl\element-summary\element-1.json | fpl\element-summary\element-25.json | fpl\element-summary\element-4.json | fpl\element-summary\element-7.json,OPEN,,raw path/context or source-schema evidence,player,STRUCTURALLY_RESOLVED,exact terminal field observed in captured raw FPL bootstrap object family,player
fpl,element,sample_payload,history_past[].season_name,str,UNMAPPED_REVIEW,insufficient structural evidence,fpl\element-summary\element-1.json | fpl\element-summary\element-25.json | fpl\element-summary\element-4.json | fpl\element-summary\element-7.json,OPEN,,raw path/context or source-schema evidence,UNMAPPED_REVIEW,NOT_FOUND_IN_RAW_BOOTSTRAP,field path/terminal field not observed in captured raw bootstrap object families,
fpl,element,sample_payload,history_past[].start_cost,int,UNMAPPED_REVIEW,insufficient structural evidence,fpl\element-summary\element-1.json | fpl\element-summary\element-25.json | fpl\element-summary\element-4.json | fpl\element-summary\element-7.json,OPEN,,raw path/context or source-schema evidence,UNMAPPED_REVIEW,NOT_FOUND_IN_RAW_BOOTSTRAP,field path/terminal field not observed in captured raw bootstrap object families,
fpl,element,sample_payload,history_past[].starts,int,UNMAPPED_REVIEW,insufficient structural evidence,fpl\element-summary\element-1.json | fpl\element-summary\element-25.json | fpl\element-summary\element-4.json | fpl\element-summary\element-7.json,OPEN,,raw path/context or source-schema evidence,player,STRUCTURALLY_RESOLVED,exact terminal field observed in captured raw FPL bootstrap object family,player
fpl,element,sample_payload,history_past[].tackles,int,UNMAPPED_REVIEW,insufficient structural evidence,fpl\element-summary\element-1.json | fpl\element-summary\element-25.json | fpl\element-summary\element-4.json | fpl\element-summary\element-7.json,OPEN,,raw path/context or source-schema evidence,player,STRUCTURALLY_RESOLVED,exact terminal field observed in captured raw FPL bootstrap object family,player
fpl,element,sample_payload,history_past[].threat,str,UNMAPPED_REVIEW,insufficient structural evidence,fpl\element-summary\element-1.json | fpl\element-summary\element-25.json | fpl\element-summary\element-4.json | fpl\element-summary\element-7.json,OPEN,,raw path/context or source-schema evidence,player,STRUCTURALLY_RESOLVED,exact terminal field observed in captured raw FPL bootstrap object family,player
fpl,element,sample_payload,history_past[].total_points,int,UNMAPPED_REVIEW,insufficient structural evidence,fpl\element-summary\element-1.json | fpl\element-summary\element-25.json | fpl\element-summary\element-4.json | fpl\element-summary\element-7.json,OPEN,,raw path/context or source-schema evidence,player,STRUCTURALLY_RESOLVED,exact terminal field observed in captured raw FPL bootstrap object family,player
fpl,element,sample_payload,history_past[].yellow_cards,int,UNMAPPED_REVIEW,insufficient structural evidence,fpl\element-summary\element-1.json | fpl\element-summary\element-25.json | fpl\element-summary\element-4.json | fpl\element-summary\element-7.json,OPEN,,raw path/context or source-schema evidence,player,STRUCTURALLY_RESOLVED,exact terminal field observed in captured raw FPL bootstrap object family,player
