field_name,terminal_field,historical_grains,historical_season_files,historical_presence,review_status,resolution
chips,chips,,,NOT_FOUND,OPEN,
chips[].chip_type,chip_type,,,NOT_FOUND,OPEN,
chips[].id,id,fixture;player,2016-17_all_players_gw.csv;2017-18_all_players_gw.csv;2018-19_all_players_gw.csv;2025-26_all_fixtures.csv;2026-27_all_fixtures.csv,FOUND,OPEN,
chips[].name,name,player,2016-17_all_players_gw.csv;2017-18_all_players_gw.csv;2018-19_all_players_gw.csv;2019-20_all_players_gw.csv;2020-21_all_players_gw.csv;2021-22_all_players_gw.csv;2022-23_all_players_gw.csv;2023-24_all_players_gw.csv;2024-25_all_players_gw.csv,FOUND,OPEN,
chips[].number,number,,,NOT_FOUND,OPEN,
chips[].overrides,overrides,,,NOT_FOUND,OPEN,
chips[].overrides.pick_multiplier,pick_multiplier,,,NOT_FOUND,OPEN,
chips[].overrides.rules,rules,,,NOT_FOUND,OPEN,
chips[].overrides.scoring,scoring,,,NOT_FOUND,OPEN,
chips[].start_event,start_event,,,NOT_FOUND,OPEN,
chips[].stop_event,stop_event,,,NOT_FOUND,OPEN,
events,events,,,NOT_FOUND,OPEN,
events[].average_entry_score,average_entry_score,,,NOT_FOUND,OPEN,
events[].can_enter,can_enter,,,NOT_FOUND,OPEN,
events[].can_manage,can_manage,,,NOT_FOUND,OPEN,
events[].chip_plays,chip_plays,,,NOT_FOUND,OPEN,
events[].chip_plays[].chip_name,chip_name,,,NOT_FOUND,OPEN,
events[].chip_plays[].num_played,num_played,,,NOT_FOUND,OPEN,
events[].cup_leagues_created,cup_leagues_created,,,NOT_FOUND,OPEN,
events[].data_checked,data_checked,,,NOT_FOUND,OPEN,
events[].deadline_time,deadline_time,,,NOT_FOUND,OPEN,
events[].deadline_time_epoch,deadline_time_epoch,,,NOT_FOUND,OPEN,
events[].deadline_time_game_offset,deadline_time_game_offset,,,NOT_FOUND,OPEN,
events[].finished,finished,fixture,2025-26_all_fixtures.csv;2026-27_all_fixtures.csv,FOUND,OPEN,
events[].h2h_ko_matches_created,h2h_ko_matches_created,,,NOT_FOUND,OPEN,
events[].highest_score,highest_score,,,NOT_FOUND,OPEN,
events[].highest_scoring_entry,highest_scoring_entry,,,NOT_FOUND,OPEN,
events[].id,id,fixture;player,2016-17_all_players_gw.csv;2017-18_all_players_gw.csv;2018-19_all_players_gw.csv;2025-26_all_fixtures.csv;2026-27_all_fixtures.csv,FOUND,OPEN,
events[].is_current,is_current,,,NOT_FOUND,OPEN,
events[].is_next,is_next,,,NOT_FOUND,OPEN,
events[].is_previous,is_previous,,,NOT_FOUND,OPEN,
events[].most_captained,most_captained,,,NOT_FOUND,OPEN,
events[].most_selected,most_selected,,,NOT_FOUND,OPEN,
events[].most_transferred_in,most_transferred_in,,,NOT_FOUND,OPEN,
events[].most_vice_captained,most_vice_captained,,,NOT_FOUND,OPEN,
events[].name,name,player,2016-17_all_players_gw.csv;2017-18_all_players_gw.csv;2018-19_all_players_gw.csv;2019-20_all_players_gw.csv;2020-21_all_players_gw.csv;2021-22_all_players_gw.csv;2022-23_all_players_gw.csv;2023-24_all_players_gw.csv;2024-25_all_players_gw.csv,FOUND,OPEN,
events[].overrides,overrides,,,NOT_FOUND,OPEN,
events[].overrides.pick_multiplier,pick_multiplier,,,NOT_FOUND,OPEN,
events[].overrides.rules,rules,,,NOT_FOUND,OPEN,
events[].overrides.scoring,scoring,,,NOT_FOUND,OPEN,
events[].ranked_count,ranked_count,,,NOT_FOUND,OPEN,
events[].release_time,release_time,,,NOT_FOUND,OPEN,
events[].released,released,,,NOT_FOUND,OPEN,
events[].transfers_made,transfers_made,,,NOT_FOUND,OPEN,
game_config,game_config,,,NOT_FOUND,OPEN,
game_config.rules,rules,,,NOT_FOUND,OPEN,
game_config.rules.cup_qualifying_method,cup_qualifying_method,,,NOT_FOUND,OPEN,
game_config.rules.cup_start_event_id,cup_start_event_id,,,NOT_FOUND,OPEN,
game_config.rules.cup_stop_event_id,cup_stop_event_id,,,NOT_FOUND,OPEN,
game_config.rules.cup_type,cup_type,,,NOT_FOUND,OPEN,
game_config.rules.featured_entries,featured_entries,,,NOT_FOUND,OPEN,
game_config.rules.league_h2h_tiebreak_stats,league_h2h_tiebreak_stats,,,NOT_FOUND,OPEN,
game_config.rules.league_join_private_max,league_join_private_max,,,NOT_FOUND,OPEN,
game_config.rules.league_join_public_max,league_join_public_max,,,NOT_FOUND,OPEN,
game_config.rules.league_ko_first_instead_of_random,league_ko_first_instead_of_random,,,NOT_FOUND,OPEN,
game_config.rules.league_max_ko_rounds_private_h2h,league_max_ko_rounds_private_h2h,,,NOT_FOUND,OPEN,
game_config.rules.league_max_size_private_h2h,league_max_size_private_h2h,,,NOT_FOUND,OPEN,
game_config.rules.league_max_size_public_classic,league_max_size_public_classic,,,NOT_FOUND,OPEN,
game_config.rules.league_max_size_public_h2h,league_max_size_public_h2h,,,NOT_FOUND,OPEN,
game_config.rules.league_points_h2h_draw,league_points_h2h_draw,,,NOT_FOUND,OPEN,
game_config.rules.league_points_h2h_lose,league_points_h2h_lose,,,NOT_FOUND,OPEN,
game_config.rules.league_points_h2h_win,league_points_h2h_win,,,NOT_FOUND,OPEN,
game_config.rules.league_prefix_public,league_prefix_public,,,NOT_FOUND,OPEN,
game_config.rules.max_extra_free_transfers,max_extra_free_transfers,,,NOT_FOUND,OPEN,
game_config.rules.percentile_ranks,percentile_ranks,,,NOT_FOUND,OPEN,
game_config.rules.squad_special_max,squad_special_max,,,NOT_FOUND,OPEN,
game_config.rules.squad_special_min,squad_special_min,,,NOT_FOUND,OPEN,
game_config.rules.squad_squadplay,squad_squadplay,,,NOT_FOUND,OPEN,
game_config.rules.squad_squadsize,squad_squadsize,,,NOT_FOUND,OPEN,
game_config.rules.squad_total_spend,squad_total_spend,,,NOT_FOUND,OPEN,
game_config.rules.stats_form_days,stats_form_days,,,NOT_FOUND,OPEN,
game_config.rules.sys_vice_captain_enabled,sys_vice_captain_enabled,,,NOT_FOUND,OPEN,
game_config.rules.transfers_cap,transfers_cap,,,NOT_FOUND,OPEN,
game_config.rules.transfers_sell_on_fee,transfers_sell_on_fee,,,NOT_FOUND,OPEN,
game_config.rules.ui_currency_multiplier,ui_currency_multiplier,,,NOT_FOUND,OPEN,
game_config.rules.ui_special_shirt_exclusions,ui_special_shirt_exclusions,,,NOT_FOUND,OPEN,
game_config.rules.ui_use_special_shirts,ui_use_special_shirts,,,NOT_FOUND,OPEN,
game_config.rules.underdog_differential,underdog_differential,,,NOT_FOUND,OPEN,
game_config.scoring,scoring,,,NOT_FOUND,OPEN,
game_config.scoring.assists,assists,player,2016-17_all_players_gw.csv;2017-18_all_players_gw.csv;2018-19_all_players_gw.csv;2019-20_all_players_gw.csv;2020-21_all_players_gw.csv;2021-22_all_players_gw.csv;2022-23_all_players_gw.csv;2023-24_all_players_gw.csv;2024-25_all_players_gw.csv;2025-26_all_players_gw.csv,FOUND,OPEN,
game_config.scoring.bonus,bonus,player,2016-17_all_players_gw.csv;2017-18_all_players_gw.csv;2018-19_all_players_gw.csv;2019-20_all_players_gw.csv;2020-21_all_players_gw.csv;2021-22_all_players_gw.csv;2022-23_all_players_gw.csv;2023-24_all_players_gw.csv;2024-25_all_players_gw.csv;2025-26_all_players_gw.csv,FOUND,OPEN,
game_config.scoring.bps,bps,player,2016-17_all_players_gw.csv;2017-18_all_players_gw.csv;2018-19_all_players_gw.csv;2019-20_all_players_gw.csv;2020-21_all_players_gw.csv;2021-22_all_players_gw.csv;2022-23_all_players_gw.csv;2023-24_all_players_gw.csv;2024-25_all_players_gw.csv;2025-26_all_players_gw.csv,FOUND,OPEN,
game_config.scoring.clean_sheets,clean_sheets,player,2016-17_all_players_gw.csv;2017-18_all_players_gw.csv;2018-19_all_players_gw.csv;2019-20_all_players_gw.csv;2020-21_all_players_gw.csv;2021-22_all_players_gw.csv;2022-23_all_players_gw.csv;2023-24_all_players_gw.csv;2024-25_all_players_gw.csv;2025-26_all_players_gw.csv,FOUND,OPEN,
game_config.scoring.clean_sheets.DEF,DEF,,,NOT_FOUND,OPEN,
game_config.scoring.clean_sheets.FWD,FWD,,,NOT_FOUND,OPEN,
game_config.scoring.clean_sheets.GKP,GKP,,,NOT_FOUND,OPEN,
game_config.scoring.clean_sheets.MID,MID,,,NOT_FOUND,OPEN,
game_config.scoring.clearances_blocks_interceptions,clearances_blocks_interceptions,player,2016-17_all_players_gw.csv;2017-18_all_players_gw.csv;2018-19_all_players_gw.csv;2025-26_all_players_gw.csv,FOUND,OPEN,
game_config.scoring.creativity,creativity,player,2016-17_all_players_gw.csv;2017-18_all_players_gw.csv;2018-19_all_players_gw.csv;2019-20_all_players_gw.csv;2020-21_all_players_gw.csv;2021-22_all_players_gw.csv;2022-23_all_players_gw.csv;2023-24_all_players_gw.csv;2024-25_all_players_gw.csv;2025-26_all_players_gw.csv,FOUND,OPEN,
game_config.scoring.defensive_contribution,defensive_contribution,player,2025-26_all_players_gw.csv,FOUND,OPEN,
game_config.scoring.defensive_contribution.DEF,DEF,,,NOT_FOUND,OPEN,
game_config.scoring.defensive_contribution.FWD,FWD,,,NOT_FOUND,OPEN,
game_config.scoring.defensive_contribution.GKP,GKP,,,NOT_FOUND,OPEN,
game_config.scoring.defensive_contribution.MID,MID,,,NOT_FOUND,OPEN,
game_config.scoring.expected_assists,expected_assists,player,2021-22_all_players_gw.csv;2022-23_all_players_gw.csv;2023-24_all_players_gw.csv;2024-25_all_players_gw.csv;2025-26_all_players_gw.csv,FOUND,OPEN,
game_config.scoring.expected_goal_involvements,expected_goal_involvements,player,2021-22_all_players_gw.csv;2022-23_all_players_gw.csv;2023-24_all_players_gw.csv;2024-25_all_players_gw.csv;2025-26_all_players_gw.csv,FOUND,OPEN,
game_config.scoring.expected_goals,expected_goals,player,2021-22_all_players_gw.csv;2022-23_all_players_gw.csv;2023-24_all_players_gw.csv;2024-25_all_players_gw.csv;2025-26_all_players_gw.csv,FOUND,OPEN,
game_config.scoring.expected_goals_conceded,expected_goals_conceded,player,2021-22_all_players_gw.csv;2022-23_all_players_gw.csv;2023-24_all_players_gw.csv;2024-25_all_players_gw.csv;2025-26_all_players_gw.csv,FOUND,OPEN,
game_config.scoring.goals_conceded,goals_conceded,player,2016-17_all_players_gw.csv;2017-18_all_players_gw.csv;2018-19_all_players_gw.csv;2019-20_all_players_gw.csv;2020-21_all_players_gw.csv;2021-22_all_players_gw.csv;2022-23_all_players_gw.csv;2023-24_all_players_gw.csv;2024-25_all_players_gw.csv;2025-26_all_players_gw.csv,FOUND,OPEN,
game_config.scoring.goals_conceded.DEF,DEF,,,NOT_FOUND,OPEN,
game_config.scoring.goals_conceded.FWD,FWD,,,NOT_FOUND,OPEN,
game_config.scoring.goals_conceded.GKP,GKP,,,NOT_FOUND,OPEN,
game_config.scoring.goals_conceded.MID,MID,,,NOT_FOUND,OPEN,
game_config.scoring.goals_scored,goals_scored,player,2016-17_all_players_gw.csv;2017-18_all_players_gw.csv;2018-19_all_players_gw.csv;2019-20_all_players_gw.csv;2020-21_all_players_gw.csv;2021-22_all_players_gw.csv;2022-23_all_players_gw.csv;2023-24_all_players_gw.csv;2024-25_all_players_gw.csv;2025-26_all_players_gw.csv,FOUND,OPEN,
game_config.scoring.goals_scored.DEF,DEF,,,NOT_FOUND,OPEN,
game_config.scoring.goals_scored.FWD,FWD,,,NOT_FOUND,OPEN,
game_config.scoring.goals_scored.GKP,GKP,,,NOT_FOUND,OPEN,
game_config.scoring.goals_scored.MID,MID,,,NOT_FOUND,OPEN,
game_config.scoring.ict_index,ict_index,player,2016-17_all_players_gw.csv;2017-18_all_players_gw.csv;2018-19_all_players_gw.csv;2019-20_all_players_gw.csv;2020-21_all_players_gw.csv;2021-22_all_players_gw.csv;2022-23_all_players_gw.csv;2023-24_all_players_gw.csv;2024-25_all_players_gw.csv;2025-26_all_players_gw.csv,FOUND,OPEN,
game_config.scoring.influence,influence,player,2016-17_all_players_gw.csv;2017-18_all_players_gw.csv;2018-19_all_players_gw.csv;2019-20_all_players_gw.csv;2020-21_all_players_gw.csv;2021-22_all_players_gw.csv;2022-23_all_players_gw.csv;2023-24_all_players_gw.csv;2024-25_all_players_gw.csv;2025-26_all_players_gw.csv,FOUND,OPEN,
game_config.scoring.long_play,long_play,,,NOT_FOUND,OPEN,
game_config.scoring.mng_clean_sheets,mng_clean_sheets,player,2024-25_all_players_gw.csv,FOUND,OPEN,
game_config.scoring.mng_clean_sheets.DEF,DEF,,,NOT_FOUND,OPEN,
game_config.scoring.mng_clean_sheets.FWD,FWD,,,NOT_FOUND,OPEN,
game_config.scoring.mng_clean_sheets.GKP,GKP,,,NOT_FOUND,OPEN,
game_config.scoring.mng_clean_sheets.MID,MID,,,NOT_FOUND,OPEN,
game_config.scoring.mng_draw,mng_draw,player,2024-25_all_players_gw.csv,FOUND,OPEN,
game_config.scoring.mng_draw.DEF,DEF,,,NOT_FOUND,OPEN,
game_config.scoring.mng_draw.FWD,FWD,,,NOT_FOUND,OPEN,
game_config.scoring.mng_draw.GKP,GKP,,,NOT_FOUND,OPEN,
game_config.scoring.mng_draw.MID,MID,,,NOT_FOUND,OPEN,
game_config.scoring.mng_goals_scored,mng_goals_scored,player,2024-25_all_players_gw.csv,FOUND,OPEN,
game_config.scoring.mng_goals_scored.DEF,DEF,,,NOT_FOUND,OPEN,
game_config.scoring.mng_goals_scored.FWD,FWD,,,NOT_FOUND,OPEN,
game_config.scoring.mng_goals_scored.GKP,GKP,,,NOT_FOUND,OPEN,
game_config.scoring.mng_goals_scored.MID,MID,,,NOT_FOUND,OPEN,
game_config.scoring.mng_loss,mng_loss,player,2024-25_all_players_gw.csv,FOUND,OPEN,
game_config.scoring.mng_underdog_draw,mng_underdog_draw,player,2024-25_all_players_gw.csv,FOUND,OPEN,
game_config.scoring.mng_underdog_draw.DEF,DEF,,,NOT_FOUND,OPEN,
game_config.scoring.mng_underdog_draw.FWD,FWD,,,NOT_FOUND,OPEN,
game_config.scoring.mng_underdog_draw.GKP,GKP,,,NOT_FOUND,OPEN,
game_config.scoring.mng_underdog_draw.MID,MID,,,NOT_FOUND,OPEN,
game_config.scoring.mng_underdog_win,mng_underdog_win,player,2024-25_all_players_gw.csv,FOUND,OPEN,
game_config.scoring.mng_underdog_win.DEF,DEF,,,NOT_FOUND,OPEN,
game_config.scoring.mng_underdog_win.FWD,FWD,,,NOT_FOUND,OPEN,
game_config.scoring.mng_underdog_win.GKP,GKP,,,NOT_FOUND,OPEN,
game_config.scoring.mng_underdog_win.MID,MID,,,NOT_FOUND,OPEN,
game_config.scoring.mng_win,mng_win,player,2024-25_all_players_gw.csv,FOUND,OPEN,
game_config.scoring.mng_win.DEF,DEF,,,NOT_FOUND,OPEN,
game_config.scoring.mng_win.FWD,FWD,,,NOT_FOUND,OPEN,
game_config.scoring.mng_win.GKP,GKP,,,NOT_FOUND,OPEN,
game_config.scoring.mng_win.MID,MID,,,NOT_FOUND,OPEN,
game_config.scoring.own_goals,own_goals,player,2016-17_all_players_gw.csv;2017-18_all_players_gw.csv;2018-19_all_players_gw.csv;2019-20_all_players_gw.csv;2020-21_all_players_gw.csv;2021-22_all_players_gw.csv;2022-23_all_players_gw.csv;2023-24_all_players_gw.csv;2024-25_all_players_gw.csv;2025-26_all_players_gw.csv,FOUND,OPEN,
game_config.scoring.penalties_missed,penalties_missed,player,2016-17_all_players_gw.csv;2017-18_all_players_gw.csv;2018-19_all_players_gw.csv;2019-20_all_players_gw.csv;2020-21_all_players_gw.csv;2021-22_all_players_gw.csv;2022-23_all_players_gw.csv;2023-24_all_players_gw.csv;2024-25_all_players_gw.csv;2025-26_all_players_gw.csv,FOUND,OPEN,
game_config.scoring.penalties_saved,penalties_saved,player,2016-17_all_players_gw.csv;2017-18_all_players_gw.csv;2018-19_all_players_gw.csv;2019-20_all_players_gw.csv;2020-21_all_players_gw.csv;2021-22_all_players_gw.csv;2022-23_all_players_gw.csv;2023-24_all_players_gw.csv;2024-25_all_players_gw.csv;2025-26_all_players_gw.csv,FOUND,OPEN,
game_config.scoring.recoveries,recoveries,player,2016-17_all_players_gw.csv;2017-18_all_players_gw.csv;2018-19_all_players_gw.csv;2025-26_all_players_gw.csv,FOUND,OPEN,
game_config.scoring.red_cards,red_cards,player,2016-17_all_players_gw.csv;2017-18_all_players_gw.csv;2018-19_all_players_gw.csv;2019-20_all_players_gw.csv;2020-21_all_players_gw.csv;2021-22_all_players_gw.csv;2022-23_all_players_gw.csv;2023-24_all_players_gw.csv;2024-25_all_players_gw.csv;2025-26_all_players_gw.csv,FOUND,OPEN,
game_config.scoring.saves,saves,player,2016-17_all_players_gw.csv;2017-18_all_players_gw.csv;2018-19_all_players_gw.csv;2019-20_all_players_gw.csv;2020-21_all_players_gw.csv;2021-22_all_players_gw.csv;2022-23_all_players_gw.csv;2023-24_all_players_gw.csv;2024-25_all_players_gw.csv;2025-26_all_players_gw.csv,FOUND,OPEN,
game_config.scoring.short_play,short_play,,,NOT_FOUND,OPEN,
game_config.scoring.special_multiplier,special_multiplier,,,NOT_FOUND,OPEN,
game_config.scoring.starts,starts,player,2021-22_all_players_gw.csv;2022-23_all_players_gw.csv;2023-24_all_players_gw.csv;2024-25_all_players_gw.csv;2025-26_all_players_gw.csv,FOUND,OPEN,
game_config.scoring.tackles,tackles,player,2016-17_all_players_gw.csv;2017-18_all_players_gw.csv;2018-19_all_players_gw.csv;2025-26_all_players_gw.csv,FOUND,OPEN,
game_config.scoring.threat,threat,player,2016-17_all_players_gw.csv;2017-18_all_players_gw.csv;2018-19_all_players_gw.csv;2019-20_all_players_gw.csv;2020-21_all_players_gw.csv;2021-22_all_players_gw.csv;2022-23_all_players_gw.csv;2023-24_all_players_gw.csv;2024-25_all_players_gw.csv;2025-26_all_players_gw.csv,FOUND,OPEN,
game_config.scoring.yellow_cards,yellow_cards,player,2016-17_all_players_gw.csv;2017-18_all_players_gw.csv;2018-19_all_players_gw.csv;2019-20_all_players_gw.csv;2020-21_all_players_gw.csv;2021-22_all_players_gw.csv;2022-23_all_players_gw.csv;2023-24_all_players_gw.csv;2024-25_all_players_gw.csv;2025-26_all_players_gw.csv,FOUND,OPEN,
game_config.settings,settings,,,NOT_FOUND,OPEN,
game_config.settings.entry_per_event,entry_per_event,,,NOT_FOUND,OPEN,
game_config.settings.price_change_deadlines,price_change_deadlines,,,NOT_FOUND,OPEN,
game_config.settings.static_content_url,static_content_url,,,NOT_FOUND,OPEN,
game_config.settings.timezone,timezone,,,NOT_FOUND,OPEN,
game_settings,game_settings,,,NOT_FOUND,OPEN,
game_settings.cup_qualifying_method,cup_qualifying_method,,,NOT_FOUND,OPEN,
game_settings.cup_start_event_id,cup_start_event_id,,,NOT_FOUND,OPEN,
game_settings.cup_stop_event_id,cup_stop_event_id,,,NOT_FOUND,OPEN,
game_settings.cup_type,cup_type,,,NOT_FOUND,OPEN,
game_settings.featured_entries,featured_entries,,,NOT_FOUND,OPEN,
game_settings.league_h2h_tiebreak_stats,league_h2h_tiebreak_stats,,,NOT_FOUND,OPEN,
game_settings.league_join_private_max,league_join_private_max,,,NOT_FOUND,OPEN,
game_settings.league_join_public_max,league_join_public_max,,,NOT_FOUND,OPEN,
game_settings.league_ko_first_instead_of_random,league_ko_first_instead_of_random,,,NOT_FOUND,OPEN,
game_settings.league_max_ko_rounds_private_h2h,league_max_ko_rounds_private_h2h,,,NOT_FOUND,OPEN,
game_settings.league_max_size_private_h2h,league_max_size_private_h2h,,,NOT_FOUND,OPEN,
game_settings.league_max_size_public_classic,league_max_size_public_classic,,,NOT_FOUND,OPEN,
game_settings.league_max_size_public_h2h,league_max_size_public_h2h,,,NOT_FOUND,OPEN,
game_settings.league_points_h2h_draw,league_points_h2h_draw,,,NOT_FOUND,OPEN,
game_settings.league_points_h2h_lose,league_points_h2h_lose,,,NOT_FOUND,OPEN,
game_settings.league_points_h2h_win,league_points_h2h_win,,,NOT_FOUND,OPEN,
game_settings.league_prefix_public,league_prefix_public,,,NOT_FOUND,OPEN,
game_settings.max_extra_free_transfers,max_extra_free_transfers,,,NOT_FOUND,OPEN,
game_settings.percentile_ranks,percentile_ranks,,,NOT_FOUND,OPEN,
game_settings.squad_special_max,squad_special_max,,,NOT_FOUND,OPEN,
game_settings.squad_special_min,squad_special_min,,,NOT_FOUND,OPEN,
game_settings.squad_squadplay,squad_squadplay,,,NOT_FOUND,OPEN,
game_settings.squad_squadsize,squad_squadsize,,,NOT_FOUND,OPEN,
game_settings.squad_total_spend,squad_total_spend,,,NOT_FOUND,OPEN,
game_settings.stats_form_days,stats_form_days,,,NOT_FOUND,OPEN,
game_settings.sys_vice_captain_enabled,sys_vice_captain_enabled,,,NOT_FOUND,OPEN,
game_settings.timezone,timezone,,,NOT_FOUND,OPEN,
game_settings.transfers_cap,transfers_cap,,,NOT_FOUND,OPEN,
game_settings.transfers_sell_on_fee,transfers_sell_on_fee,,,NOT_FOUND,OPEN,
game_settings.ui_currency_multiplier,ui_currency_multiplier,,,NOT_FOUND,OPEN,
game_settings.ui_special_shirt_exclusions,ui_special_shirt_exclusions,,,NOT_FOUND,OPEN,
game_settings.ui_use_special_shirts,ui_use_special_shirts,,,NOT_FOUND,OPEN,
game_settings.underdog_differential,underdog_differential,,,NOT_FOUND,OPEN,
phases,phases,,,NOT_FOUND,OPEN,
phases[].highest_score,highest_score,,,NOT_FOUND,OPEN,
phases[].id,id,fixture;player,2016-17_all_players_gw.csv;2017-18_all_players_gw.csv;2018-19_all_players_gw.csv;2025-26_all_fixtures.csv;2026-27_all_fixtures.csv,FOUND,OPEN,
phases[].name,name,player,2016-17_all_players_gw.csv;2017-18_all_players_gw.csv;2018-19_all_players_gw.csv;2019-20_all_players_gw.csv;2020-21_all_players_gw.csv;2021-22_all_players_gw.csv;2022-23_all_players_gw.csv;2023-24_all_players_gw.csv;2024-25_all_players_gw.csv,FOUND,OPEN,
phases[].start_event,start_event,,,NOT_FOUND,OPEN,
phases[].stop_event,stop_event,,,NOT_FOUND,OPEN,
fixtures,fixtures,,,NOT_FOUND,OPEN,
fixtures[].code,code,fixture,2025-26_all_fixtures.csv;2026-27_all_fixtures.csv,FOUND,OPEN,
fixtures[].difficulty,difficulty,,,NOT_FOUND,OPEN,
fixtures[].event,event,fixture,2025-26_all_fixtures.csv;2026-27_all_fixtures.csv,FOUND,OPEN,
fixtures[].event_name,event_name,,,NOT_FOUND,OPEN,
fixtures[].finished,finished,fixture,2025-26_all_fixtures.csv;2026-27_all_fixtures.csv,FOUND,OPEN,
fixtures[].id,id,fixture;player,2016-17_all_players_gw.csv;2017-18_all_players_gw.csv;2018-19_all_players_gw.csv;2025-26_all_fixtures.csv;2026-27_all_fixtures.csv,FOUND,OPEN,
fixtures[].is_home,is_home,,,NOT_FOUND,OPEN,
fixtures[].kickoff_time,kickoff_time,fixture;player,2016-17_all_players_gw.csv;2017-18_all_players_gw.csv;2018-19_all_players_gw.csv;2019-20_all_players_gw.csv;2020-21_all_players_gw.csv;2021-22_all_players_gw.csv;2022-23_all_players_gw.csv;2023-24_all_players_gw.csv;2024-25_all_players_gw.csv;2025-26_all_fixtures.csv;2026-27_all_fixtures.csv,FOUND,OPEN,
fixtures[].minutes,minutes,fixture;player,2016-17_all_players_gw.csv;2017-18_all_players_gw.csv;2018-19_all_players_gw.csv;2019-20_all_players_gw.csv;2020-21_all_players_gw.csv;2021-22_all_players_gw.csv;2022-23_all_players_gw.csv;2023-24_all_players_gw.csv;2024-25_all_players_gw.csv;2025-26_all_fixtures.csv;2025-26_all_players_gw.csv;2026-27_all_fixtures.csv,FOUND,OPEN,
fixtures[].provisional_start_time,provisional_start_time,fixture,2025-26_all_fixtures.csv;2026-27_all_fixtures.csv,FOUND,OPEN,
history,history,,,NOT_FOUND,OPEN,
history[].assists,assists,player,2016-17_all_players_gw.csv;2017-18_all_players_gw.csv;2018-19_all_players_gw.csv;2019-20_all_players_gw.csv;2020-21_all_players_gw.csv;2021-22_all_players_gw.csv;2022-23_all_players_gw.csv;2023-24_all_players_gw.csv;2024-25_all_players_gw.csv;2025-26_all_players_gw.csv,FOUND,OPEN,
history[].bonus,bonus,player,2016-17_all_players_gw.csv;2017-18_all_players_gw.csv;2018-19_all_players_gw.csv;2019-20_all_players_gw.csv;2020-21_all_players_gw.csv;2021-22_all_players_gw.csv;2022-23_all_players_gw.csv;2023-24_all_players_gw.csv;2024-25_all_players_gw.csv;2025-26_all_players_gw.csv,FOUND,OPEN,
history[].bps,bps,player,2016-17_all_players_gw.csv;2017-18_all_players_gw.csv;2018-19_all_players_gw.csv;2019-20_all_players_gw.csv;2020-21_all_players_gw.csv;2021-22_all_players_gw.csv;2022-23_all_players_gw.csv;2023-24_all_players_gw.csv;2024-25_all_players_gw.csv;2025-26_all_players_gw.csv,FOUND,OPEN,
history[].clean_sheets,clean_sheets,player,2016-17_all_players_gw.csv;2017-18_all_players_gw.csv;2018-19_all_players_gw.csv;2019-20_all_players_gw.csv;2020-21_all_players_gw.csv;2021-22_all_players_gw.csv;2022-23_all_players_gw.csv;2023-24_all_players_gw.csv;2024-25_all_players_gw.csv;2025-26_all_players_gw.csv,FOUND,OPEN,
history[].clearances_blocks_interceptions,clearances_blocks_interceptions,player,2016-17_all_players_gw.csv;2017-18_all_players_gw.csv;2018-19_all_players_gw.csv;2025-26_all_players_gw.csv,FOUND,OPEN,
history[].creativity,creativity,player,2016-17_all_players_gw.csv;2017-18_all_players_gw.csv;2018-19_all_players_gw.csv;2019-20_all_players_gw.csv;2020-21_all_players_gw.csv;2021-22_all_players_gw.csv;2022-23_all_players_gw.csv;2023-24_all_players_gw.csv;2024-25_all_players_gw.csv;2025-26_all_players_gw.csv,FOUND,OPEN,
history[].defensive_contribution,defensive_contribution,player,2025-26_all_players_gw.csv,FOUND,OPEN,
history[].expected_assists,expected_assists,player,2021-22_all_players_gw.csv;2022-23_all_players_gw.csv;2023-24_all_players_gw.csv;2024-25_all_players_gw.csv;2025-26_all_players_gw.csv,FOUND,OPEN,
history[].expected_goal_involvements,expected_goal_involvements,player,2021-22_all_players_gw.csv;2022-23_all_players_gw.csv;2023-24_all_players_gw.csv;2024-25_all_players_gw.csv;2025-26_all_players_gw.csv,FOUND,OPEN,
history[].expected_goals,expected_goals,player,2021-22_all_players_gw.csv;2022-23_all_players_gw.csv;2023-24_all_players_gw.csv;2024-25_all_players_gw.csv;2025-26_all_players_gw.csv,FOUND,OPEN,
history[].expected_goals_conceded,expected_goals_conceded,player,2021-22_all_players_gw.csv;2022-23_all_players_gw.csv;2023-24_all_players_gw.csv;2024-25_all_players_gw.csv;2025-26_all_players_gw.csv,FOUND,OPEN,
history[].fixture,fixture,player,2016-17_all_players_gw.csv;2017-18_all_players_gw.csv;2018-19_all_players_gw.csv;2019-20_all_players_gw.csv;2020-21_all_players_gw.csv;2021-22_all_players_gw.csv;2022-23_all_players_gw.csv;2023-24_all_players_gw.csv;2024-25_all_players_gw.csv,FOUND,OPEN,
history[].goals_conceded,goals_conceded,player,2016-17_all_players_gw.csv;2017-18_all_players_gw.csv;2018-19_all_players_gw.csv;2019-20_all_players_gw.csv;2020-21_all_players_gw.csv;2021-22_all_players_gw.csv;2022-23_all_players_gw.csv;2023-24_all_players_gw.csv;2024-25_all_players_gw.csv;2025-26_all_players_gw.csv,FOUND,OPEN,
history[].goals_scored,goals_scored,player,2016-17_all_players_gw.csv;2017-18_all_players_gw.csv;2018-19_all_players_gw.csv;2019-20_all_players_gw.csv;2020-21_all_players_gw.csv;2021-22_all_players_gw.csv;2022-23_all_players_gw.csv;2023-24_all_players_gw.csv;2024-25_all_players_gw.csv;2025-26_all_players_gw.csv,FOUND,OPEN,
history[].ict_index,ict_index,player,2016-17_all_players_gw.csv;2017-18_all_players_gw.csv;2018-19_all_players_gw.csv;2019-20_all_players_gw.csv;2020-21_all_players_gw.csv;2021-22_all_players_gw.csv;2022-23_all_players_gw.csv;2023-24_all_players_gw.csv;2024-25_all_players_gw.csv;2025-26_all_players_gw.csv,FOUND,OPEN,
history[].influence,influence,player,2016-17_all_players_gw.csv;2017-18_all_players_gw.csv;2018-19_all_players_gw.csv;2019-20_all_players_gw.csv;2020-21_all_players_gw.csv;2021-22_all_players_gw.csv;2022-23_all_players_gw.csv;2023-24_all_players_gw.csv;2024-25_all_players_gw.csv;2025-26_all_players_gw.csv,FOUND,OPEN,
history[].kickoff_time,kickoff_time,fixture;player,2016-17_all_players_gw.csv;2017-18_all_players_gw.csv;2018-19_all_players_gw.csv;2019-20_all_players_gw.csv;2020-21_all_players_gw.csv;2021-22_all_players_gw.csv;2022-23_all_players_gw.csv;2023-24_all_players_gw.csv;2024-25_all_players_gw.csv;2025-26_all_fixtures.csv;2026-27_all_fixtures.csv,FOUND,OPEN,
history[].minutes,minutes,fixture;player,2016-17_all_players_gw.csv;2017-18_all_players_gw.csv;2018-19_all_players_gw.csv;2019-20_all_players_gw.csv;2020-21_all_players_gw.csv;2021-22_all_players_gw.csv;2022-23_all_players_gw.csv;2023-24_all_players_gw.csv;2024-25_all_players_gw.csv;2025-26_all_fixtures.csv;2025-26_all_players_gw.csv;2026-27_all_fixtures.csv,FOUND,OPEN,
history[].modified,modified,player,2024-25_all_players_gw.csv;2025-26_all_players_gw.csv,FOUND,OPEN,
history[].own_goals,own_goals,player,2016-17_all_players_gw.csv;2017-18_all_players_gw.csv;2018-19_all_players_gw.csv;2019-20_all_players_gw.csv;2020-21_all_players_gw.csv;2021-22_all_players_gw.csv;2022-23_all_players_gw.csv;2023-24_all_players_gw.csv;2024-25_all_players_gw.csv;2025-26_all_players_gw.csv,FOUND,OPEN,
history[].penalties_missed,penalties_missed,player,2016-17_all_players_gw.csv;2017-18_all_players_gw.csv;2018-19_all_players_gw.csv;2019-20_all_players_gw.csv;2020-21_all_players_gw.csv;2021-22_all_players_gw.csv;2022-23_all_players_gw.csv;2023-24_all_players_gw.csv;2024-25_all_players_gw.csv;2025-26_all_players_gw.csv,FOUND,OPEN,
history[].penalties_saved,penalties_saved,player,2016-17_all_players_gw.csv;2017-18_all_players_gw.csv;2018-19_all_players_gw.csv;2019-20_all_players_gw.csv;2020-21_all_players_gw.csv;2021-22_all_players_gw.csv;2022-23_all_players_gw.csv;2023-24_all_players_gw.csv;2024-25_all_players_gw.csv;2025-26_all_players_gw.csv,FOUND,OPEN,
history[].recoveries,recoveries,player,2016-17_all_players_gw.csv;2017-18_all_players_gw.csv;2018-19_all_players_gw.csv;2025-26_all_players_gw.csv,FOUND,OPEN,
history[].red_cards,red_cards,player,2016-17_all_players_gw.csv;2017-18_all_players_gw.csv;2018-19_all_players_gw.csv;2019-20_all_players_gw.csv;2020-21_all_players_gw.csv;2021-22_all_players_gw.csv;2022-23_all_players_gw.csv;2023-24_all_players_gw.csv;2024-25_all_players_gw.csv;2025-26_all_players_gw.csv,FOUND,OPEN,
history[].round,round,player,2016-17_all_players_gw.csv;2017-18_all_players_gw.csv;2018-19_all_players_gw.csv;2019-20_all_players_gw.csv;2020-21_all_players_gw.csv;2021-22_all_players_gw.csv;2022-23_all_players_gw.csv;2023-24_all_players_gw.csv;2024-25_all_players_gw.csv,FOUND,OPEN,
history[].saves,saves,player,2016-17_all_players_gw.csv;2017-18_all_players_gw.csv;2018-19_all_players_gw.csv;2019-20_all_players_gw.csv;2020-21_all_players_gw.csv;2021-22_all_players_gw.csv;2022-23_all_players_gw.csv;2023-24_all_players_gw.csv;2024-25_all_players_gw.csv;2025-26_all_players_gw.csv,FOUND,OPEN,
history[].selected,selected,player,2016-17_all_players_gw.csv;2017-18_all_players_gw.csv;2018-19_all_players_gw.csv;2019-20_all_players_gw.csv;2020-21_all_players_gw.csv;2021-22_all_players_gw.csv;2022-23_all_players_gw.csv;2023-24_all_players_gw.csv;2024-25_all_players_gw.csv;2025-26_all_players_gw.csv,FOUND,OPEN,
history[].starts,starts,player,2021-22_all_players_gw.csv;2022-23_all_players_gw.csv;2023-24_all_players_gw.csv;2024-25_all_players_gw.csv;2025-26_all_players_gw.csv,FOUND,OPEN,
history[].tackles,tackles,player,2016-17_all_players_gw.csv;2017-18_all_players_gw.csv;2018-19_all_players_gw.csv;2025-26_all_players_gw.csv,FOUND,OPEN,
history[].threat,threat,player,2016-17_all_players_gw.csv;2017-18_all_players_gw.csv;2018-19_all_players_gw.csv;2019-20_all_players_gw.csv;2020-21_all_players_gw.csv;2021-22_all_players_gw.csv;2022-23_all_players_gw.csv;2023-24_all_players_gw.csv;2024-25_all_players_gw.csv;2025-26_all_players_gw.csv,FOUND,OPEN,
history[].total_points,total_points,player,2016-17_all_players_gw.csv;2017-18_all_players_gw.csv;2018-19_all_players_gw.csv;2019-20_all_players_gw.csv;2020-21_all_players_gw.csv;2021-22_all_players_gw.csv;2022-23_all_players_gw.csv;2023-24_all_players_gw.csv;2024-25_all_players_gw.csv;2025-26_all_players_gw.csv,FOUND,OPEN,
history[].transfers_balance,transfers_balance,player,2016-17_all_players_gw.csv;2017-18_all_players_gw.csv;2018-19_all_players_gw.csv;2019-20_all_players_gw.csv;2020-21_all_players_gw.csv;2021-22_all_players_gw.csv;2022-23_all_players_gw.csv;2023-24_all_players_gw.csv;2024-25_all_players_gw.csv;2025-26_all_players_gw.csv,FOUND,OPEN,
history[].transfers_in,transfers_in,player,2016-17_all_players_gw.csv;2017-18_all_players_gw.csv;2018-19_all_players_gw.csv;2019-20_all_players_gw.csv;2020-21_all_players_gw.csv;2021-22_all_players_gw.csv;2022-23_all_players_gw.csv;2023-24_all_players_gw.csv;2024-25_all_players_gw.csv;2025-26_all_players_gw.csv,FOUND,OPEN,
history[].transfers_out,transfers_out,player,2016-17_all_players_gw.csv;2017-18_all_players_gw.csv;2018-19_all_players_gw.csv;2019-20_all_players_gw.csv;2020-21_all_players_gw.csv;2021-22_all_players_gw.csv;2022-23_all_players_gw.csv;2023-24_all_players_gw.csv;2024-25_all_players_gw.csv;2025-26_all_players_gw.csv,FOUND,OPEN,
history[].value,value,player,2016-17_all_players_gw.csv;2017-18_all_players_gw.csv;2018-19_all_players_gw.csv;2019-20_all_players_gw.csv;2020-21_all_players_gw.csv;2021-22_all_players_gw.csv;2022-23_all_players_gw.csv;2023-24_all_players_gw.csv;2024-25_all_players_gw.csv;2025-26_all_players_gw.csv,FOUND,OPEN,
history[].was_home,was_home,player,2016-17_all_players_gw.csv;2017-18_all_players_gw.csv;2018-19_all_players_gw.csv;2019-20_all_players_gw.csv;2020-21_all_players_gw.csv;2021-22_all_players_gw.csv;2022-23_all_players_gw.csv;2023-24_all_players_gw.csv;2024-25_all_players_gw.csv,FOUND,OPEN,
history[].yellow_cards,yellow_cards,player,2016-17_all_players_gw.csv;2017-18_all_players_gw.csv;2018-19_all_players_gw.csv;2019-20_all_players_gw.csv;2020-21_all_players_gw.csv;2021-22_all_players_gw.csv;2022-23_all_players_gw.csv;2023-24_all_players_gw.csv;2024-25_all_players_gw.csv;2025-26_all_players_gw.csv,FOUND,OPEN,
history_past,history_past,,,NOT_FOUND,OPEN,
history_past[].assists,assists,player,2016-17_all_players_gw.csv;2017-18_all_players_gw.csv;2018-19_all_players_gw.csv;2019-20_all_players_gw.csv;2020-21_all_players_gw.csv;2021-22_all_players_gw.csv;2022-23_all_players_gw.csv;2023-24_all_players_gw.csv;2024-25_all_players_gw.csv;2025-26_all_players_gw.csv,FOUND,OPEN,
history_past[].bonus,bonus,player,2016-17_all_players_gw.csv;2017-18_all_players_gw.csv;2018-19_all_players_gw.csv;2019-20_all_players_gw.csv;2020-21_all_players_gw.csv;2021-22_all_players_gw.csv;2022-23_all_players_gw.csv;2023-24_all_players_gw.csv;2024-25_all_players_gw.csv;2025-26_all_players_gw.csv,FOUND,OPEN,
history_past[].bps,bps,player,2016-17_all_players_gw.csv;2017-18_all_players_gw.csv;2018-19_all_players_gw.csv;2019-20_all_players_gw.csv;2020-21_all_players_gw.csv;2021-22_all_players_gw.csv;2022-23_all_players_gw.csv;2023-24_all_players_gw.csv;2024-25_all_players_gw.csv;2025-26_all_players_gw.csv,FOUND,OPEN,
history_past[].clean_sheets,clean_sheets,player,2016-17_all_players_gw.csv;2017-18_all_players_gw.csv;2018-19_all_players_gw.csv;2019-20_all_players_gw.csv;2020-21_all_players_gw.csv;2021-22_all_players_gw.csv;2022-23_all_players_gw.csv;2023-24_all_players_gw.csv;2024-25_all_players_gw.csv;2025-26_all_players_gw.csv,FOUND,OPEN,
history_past[].clearances_blocks_interceptions,clearances_blocks_interceptions,player,2016-17_all_players_gw.csv;2017-18_all_players_gw.csv;2018-19_all_players_gw.csv;2025-26_all_players_gw.csv,FOUND,OPEN,
history_past[].creativity,creativity,player,2016-17_all_players_gw.csv;2017-18_all_players_gw.csv;2018-19_all_players_gw.csv;2019-20_all_players_gw.csv;2020-21_all_players_gw.csv;2021-22_all_players_gw.csv;2022-23_all_players_gw.csv;2023-24_all_players_gw.csv;2024-25_all_players_gw.csv;2025-26_all_players_gw.csv,FOUND,OPEN,
history_past[].defensive_contribution,defensive_contribution,player,2025-26_all_players_gw.csv,FOUND,OPEN,
history_past[].end_cost,end_cost,,,NOT_FOUND,OPEN,
history_past[].expected_assists,expected_assists,player,2021-22_all_players_gw.csv;2022-23_all_players_gw.csv;2023-24_all_players_gw.csv;2024-25_all_players_gw.csv;2025-26_all_players_gw.csv,FOUND,OPEN,
history_past[].expected_goal_involvements,expected_goal_involvements,player,2021-22_all_players_gw.csv;2022-23_all_players_gw.csv;2023-24_all_players_gw.csv;2024-25_all_players_gw.csv;2025-26_all_players_gw.csv,FOUND,OPEN,
history_past[].expected_goals,expected_goals,player,2021-22_all_players_gw.csv;2022-23_all_players_gw.csv;2023-24_all_players_gw.csv;2024-25_all_players_gw.csv;2025-26_all_players_gw.csv,FOUND,OPEN,
history_past[].expected_goals_conceded,expected_goals_conceded,player,2021-22_all_players_gw.csv;2022-23_all_players_gw.csv;2023-24_all_players_gw.csv;2024-25_all_players_gw.csv;2025-26_all_players_gw.csv,FOUND,OPEN,
history_past[].goals_conceded,goals_conceded,player,2016-17_all_players_gw.csv;2017-18_all_players_gw.csv;2018-19_all_players_gw.csv;2019-20_all_players_gw.csv;2020-21_all_players_gw.csv;2021-22_all_players_gw.csv;2022-23_all_players_gw.csv;2023-24_all_players_gw.csv;2024-25_all_players_gw.csv;2025-26_all_players_gw.csv,FOUND,OPEN,
history_past[].goals_scored,goals_scored,player,2016-17_all_players_gw.csv;2017-18_all_players_gw.csv;2018-19_all_players_gw.csv;2019-20_all_players_gw.csv;2020-21_all_players_gw.csv;2021-22_all_players_gw.csv;2022-23_all_players_gw.csv;2023-24_all_players_gw.csv;2024-25_all_players_gw.csv;2025-26_all_players_gw.csv,FOUND,OPEN,
history_past[].ict_index,ict_index,player,2016-17_all_players_gw.csv;2017-18_all_players_gw.csv;2018-19_all_players_gw.csv;2019-20_all_players_gw.csv;2020-21_all_players_gw.csv;2021-22_all_players_gw.csv;2022-23_all_players_gw.csv;2023-24_all_players_gw.csv;2024-25_all_players_gw.csv;2025-26_all_players_gw.csv,FOUND,OPEN,
history_past[].influence,influence,player,2016-17_all_players_gw.csv;2017-18_all_players_gw.csv;2018-19_all_players_gw.csv;2019-20_all_players_gw.csv;2020-21_all_players_gw.csv;2021-22_all_players_gw.csv;2022-23_all_players_gw.csv;2023-24_all_players_gw.csv;2024-25_all_players_gw.csv;2025-26_all_players_gw.csv,FOUND,OPEN,
history_past[].minutes,minutes,fixture;player,2016-17_all_players_gw.csv;2017-18_all_players_gw.csv;2018-19_all_players_gw.csv;2019-20_all_players_gw.csv;2020-21_all_players_gw.csv;2021-22_all_players_gw.csv;2022-23_all_players_gw.csv;2023-24_all_players_gw.csv;2024-25_all_players_gw.csv;2025-26_all_fixtures.csv;2025-26_all_players_gw.csv;2026-27_all_fixtures.csv,FOUND,OPEN,
history_past[].own_goals,own_goals,player,2016-17_all_players_gw.csv;2017-18_all_players_gw.csv;2018-19_all_players_gw.csv;2019-20_all_players_gw.csv;2020-21_all_players_gw.csv;2021-22_all_players_gw.csv;2022-23_all_players_gw.csv;2023-24_all_players_gw.csv;2024-25_all_players_gw.csv;2025-26_all_players_gw.csv,FOUND,OPEN,
history_past[].penalties_missed,penalties_missed,player,2016-17_all_players_gw.csv;2017-18_all_players_gw.csv;2018-19_all_players_gw.csv;2019-20_all_players_gw.csv;2020-21_all_players_gw.csv;2021-22_all_players_gw.csv;2022-23_all_players_gw.csv;2023-24_all_players_gw.csv;2024-25_all_players_gw.csv;2025-26_all_players_gw.csv,FOUND,OPEN,
history_past[].penalties_saved,penalties_saved,player,2016-17_all_players_gw.csv;2017-18_all_players_gw.csv;2018-19_all_players_gw.csv;2019-20_all_players_gw.csv;2020-21_all_players_gw.csv;2021-22_all_players_gw.csv;2022-23_all_players_gw.csv;2023-24_all_players_gw.csv;2024-25_all_players_gw.csv;2025-26_all_players_gw.csv,FOUND,OPEN,
history_past[].recoveries,recoveries,player,2016-17_all_players_gw.csv;2017-18_all_players_gw.csv;2018-19_all_players_gw.csv;2025-26_all_players_gw.csv,FOUND,OPEN,
history_past[].red_cards,red_cards,player,2016-17_all_players_gw.csv;2017-18_all_players_gw.csv;2018-19_all_players_gw.csv;2019-20_all_players_gw.csv;2020-21_all_players_gw.csv;2021-22_all_players_gw.csv;2022-23_all_players_gw.csv;2023-24_all_players_gw.csv;2024-25_all_players_gw.csv;2025-26_all_players_gw.csv,FOUND,OPEN,
history_past[].saves,saves,player,2016-17_all_players_gw.csv;2017-18_all_players_gw.csv;2018-19_all_players_gw.csv;2019-20_all_players_gw.csv;2020-21_all_players_gw.csv;2021-22_all_players_gw.csv;2022-23_all_players_gw.csv;2023-24_all_players_gw.csv;2024-25_all_players_gw.csv;2025-26_all_players_gw.csv,FOUND,OPEN,
history_past[].season_name,season_name,,,NOT_FOUND,OPEN,
history_past[].start_cost,start_cost,,,NOT_FOUND,OPEN,
history_past[].starts,starts,player,2021-22_all_players_gw.csv;2022-23_all_players_gw.csv;2023-24_all_players_gw.csv;2024-25_all_players_gw.csv;2025-26_all_players_gw.csv,FOUND,OPEN,
history_past[].tackles,tackles,player,2016-17_all_players_gw.csv;2017-18_all_players_gw.csv;2018-19_all_players_gw.csv;2025-26_all_players_gw.csv,FOUND,OPEN,
history_past[].threat,threat,player,2016-17_all_players_gw.csv;2017-18_all_players_gw.csv;2018-19_all_players_gw.csv;2019-20_all_players_gw.csv;2020-21_all_players_gw.csv;2021-22_all_players_gw.csv;2022-23_all_players_gw.csv;2023-24_all_players_gw.csv;2024-25_all_players_gw.csv;2025-26_all_players_gw.csv,FOUND,OPEN,
history_past[].total_points,total_points,player,2016-17_all_players_gw.csv;2017-18_all_players_gw.csv;2018-19_all_players_gw.csv;2019-20_all_players_gw.csv;2020-21_all_players_gw.csv;2021-22_all_players_gw.csv;2022-23_all_players_gw.csv;2023-24_all_players_gw.csv;2024-25_all_players_gw.csv;2025-26_all_players_gw.csv,FOUND,OPEN,
history_past[].yellow_cards,yellow_cards,player,2016-17_all_players_gw.csv;2017-18_all_players_gw.csv;2018-19_all_players_gw.csv;2019-20_all_players_gw.csv;2020-21_all_players_gw.csv;2021-22_all_players_gw.csv;2022-23_all_players_gw.csv;2023-24_all_players_gw.csv;2024-25_all_players_gw.csv;2025-26_all_players_gw.csv,FOUND,OPEN,
